,id,conversation_id,created_at,date,timezone,place,tweet,language,hashtags,cashtags,user_id,user_id_str,username,name,day,hour,link,urls,photos,video,thumbnail,retweet,nlikes,nreplies,nretweets,quote_url,search,near,geo,source,user_rt_id,user_rt,retweet_id,reply_to,retweet_date,translate,trans_src,trans_dest
0,1608047396923244544,1608047396923244544,1672223350000.0,2022-12-28 10:29:10,+0000,,"""Karena itu, di dalam salah satu poin kerja sama calon presiden dan calon wakil presiden dari koalisi Gerindra dan PKB ditentukan oleh Pak Prabowo dan Pak Muhaimin,"" kata Muzani.  @prabowo  dekade08  mendingprabowo  pilpres2024  terusmajubersamaprabowo",in,[],[],1546873570470506496,1546873570470506496,Niaagustiann,Nia Agustian,3,10,https://twitter.com/Niaagustiann/status/1608047396923244544,[],[],0,,False,0,0,0,,prabowo presiden,,,,,,,[],,,,
1,1608047376559923200,1608047376559923200,1672223345000.0,2022-12-28 10:29:05,+0000,,"""Karena itu, di dalam salah satu poin kerja sama calon presiden dan calon wakil presiden dari koalisi Gerindra dan PKB ditentukan oleh Pak Prabowo dan Pak Muhaimin,"" kata Muzani.  @prabowo  dekade08  mendingprabowo  pilpres2024  terusmajubersamaprabowo",in,[],[],1533135550386843648,1533135550386843648,sastiafailaa_,Sastia Afaila,3,10,https://twitter.com/sastiafailaa_/status/1608047376559923200,[],[],0,,False,0,0,0,,prabowo presiden,,,,,,,[],,,,
2,1608047366829117440,1608047366829117440,1672223342000.0,2022-12-28 10:29:02,+0000,,"""Karena itu, di dalam salah satu poin kerja sama calon presiden dan calon wakil presiden dari koalisi Gerindra dan PKB ditentukan oleh Pak Prabowo dan Pak Muhaimin,"" kata Muzani.  @prabowo  dekade08  mendingprabowo  pilpres2024  terusmajubersamaprabowo",in,[],[],1534032147001946112,1534032147001946112,AhmadSy3_,Ahmad Syaputra,3,10,https://twitter.com/AhmadSy3_/status/1608047366829117440,[],[],0,,False,0,0,0,,prabowo presiden,,,,,,,[],,,,
3,1608047081528373249,1608047081528373249,1672223274000.0,2022-12-28 10:27:54,+0000,,"""Karena itu, di dalam salah satu poin kerja sama calon presiden dan calon wakil presiden dari koalisi Gerindra dan PKB ditentukan oleh Pak Prabowo dan Pak Muhaimin,"" kata Muzani.  @prabowo  dekade08  mendingprabowo  pilpres2024  terusmajubersamaprabowo",in,[],[],1532594183625912321,1532594183625912321,zky_zaki,Muhammad Zaki,3,10,https://twitter.com/zky_zaki/status/1608047081528373249,[],[],0,,False,0,0,0,,prabowo presiden,,,,,,,[],,,,
4,1608047031742001152,1608047031742001152,1672223263000.0,2022-12-28 10:27:43,+0000,,"""Karena itu, di dalam salah satu poin kerja sama calon presiden dan calon wakil presiden dari koalisi Gerindra dan PKB ditentukan oleh Pak Prabowo dan Pak Muhaimin,"" kata Muzani.  @prabowo  dekade08  mendingprabowo  pilpres2024  terusmajubersamaprabowo",in,[],[],1546374582298628096,1546374582298628096,HestiAndianiii,Hesti Andiani,3,10,https://twitter.com/HestiAndianiii/status/1608047031742001152,[],[],0,,False,0,0,0,,prabowo presiden,,,,,,,[],,,,
5,1608047005879914497,1608047005879914497,1672223256000.0,2022-12-28 10:27:36,+0000,,"""Karena itu, di dalam salah satu poin kerja sama calon presiden dan calon wakil presiden dari koalisi Gerindra dan PKB ditentukan oleh Pak Prabowo dan Pak Muhaimin,"" kata Muzani.  @prabowo  dekade08  mendingprabowo  pilpres2024  terusmajubersamaprabowo",in,[],[],1546370519410171905,1546370519410171905,Ridaharlina,Rida Harlina,3,10,https://twitter.com/Ridaharlina/status/1608047005879914497,[],[],0,,False,0,0,0,,prabowo presiden,,,,,,,[],,,,
6,1608046957741899776,1608046957741899776,1672223245000.0,2022-12-28 10:27:25,+0000,,"""Karena itu, di dalam salah satu poin kerja sama calon presiden dan calon wakil presiden dari koalisi Gerindra dan PKB ditentukan oleh Pak Prabowo dan Pak Muhaimin,"" kata Muzani.  @prabowo  dekade08  mendingprabowo  pilpres2024  terusmajubersamaprabowo",in,[],[],1532584095963701248,1532584095963701248,tina_aggr,Tina Anggraini,3,10,https://twitter.com/tina_aggr/status/1608046957741899776,[],[],0,,False,0,0,0,,prabowo presiden,,,,,,,[],,,,
7,1608046937839923202,1608046937839923202,1672223240000.0,2022-12-28 10:27:20,+0000,,Ketua Fraksi Gerindra DPR RI ini menyampaikan kedatangan Prabowo tak lain untuk meminta restu kepada para ulama untuk kembali berkontestasi dalam pemilihan presiden pada 2024.  @prabowo  dekade08  mendingprabowo  pilpres2024  terusmajubersamaprabowo,in,[],[],1533174806803206144,1533174806803206144,reisyarianaa_,Reisya Ariana,3,10,https://twitter.com/reisyarianaa_/status/1608046937839923202,[],[],0,,False,0,0,0,,prabowo presiden,,,,,,,[],,,,
8,1608046879849447425,1608046879849447425,1672223226000.0,2022-12-28 10:27:06,+0000,,Ketua Fraksi Gerindra DPR RI ini menyampaikan kedatangan Prabowo tak lain untuk meminta restu kepada para ulama untuk kembali berkontestasi dalam pemilihan presiden pada 2024.  @prabowo  dekade08  mendingprabowo  pilpres2024  terusmajubersamaprabowo,in,[],[],1508287842480697345,1508287842480697345,AxelAzarya,Axel Azarya,3,10,https://twitter.com/AxelAzarya/status/1608046879849447425,[],[],0,,False,0,0,0,,prabowo presiden,,,,,,,[],,,,
9,1608046860224327684,1608046860224327684,1672223222000.0,2022-12-28 10:27:02,+0000,,Ketua Fraksi Gerindra DPR RI ini menyampaikan kedatangan Prabowo tak lain untuk meminta restu kepada para ulama untuk kembali berkontestasi dalam pemilihan presiden pada 2024.  @prabowo  dekade08  mendingprabowo  pilpres2024  terusmajubersamaprabowo,in,[],[],1495408293149245441,1495408293149245441,nizaralimiii_,Nizar Alimi,3,10,https://twitter.com/nizaralimiii_/status/1608046860224327684,[],[],0,,False,0,0,0,,prabowo presiden,,,,,,,[],,,,
10,1608046821972271104,1608046821972271104,1672223213000.0,2022-12-28 10:26:53,+0000,,Ketua Fraksi Gerindra DPR RI ini menyampaikan kedatangan Prabowo tak lain untuk meminta restu kepada para ulama untuk kembali berkontestasi dalam pemilihan presiden pada 2024.  @prabowo  dekade08  mendingprabowo  pilpres2024  terusmajubersamaprabowo,in,[],[],1495405187422298114,1495405187422298114,riad_bhrni,Riad Bahroni,3,10,https://twitter.com/riad_bhrni/status/1608046821972271104,[],[],0,,False,0,0,0,,prabowo presiden,,,,,,,[],,,,
11,1608046786400374784,1608046786400374784,1672223204000.0,2022-12-28 10:26:44,+0000,,Ketua Fraksi Gerindra DPR RI ini menyampaikan kedatangan Prabowo tak lain untuk meminta restu kepada para ulama untuk kembali berkontestasi dalam pemilihan presiden pada 2024.  @prabowo  dekade08  mendingprabowo  pilpres2024  terusmajubersamaprabowo,in,[],[],1546873570470506496,1546873570470506496,Niaagustiann,Nia Agustian,3,10,https://twitter.com/Niaagustiann/status/1608046786400374784,[],[],0,,False,0,0,0,,prabowo presiden,,,,,,,[],,,,
12,1608046721560645633,1608046721560645633,1672223189000.0,2022-12-28 10:26:29,+0000,,Ketua Fraksi Gerindra DPR RI ini menyampaikan kedatangan Prabowo tak lain untuk meminta restu kepada para ulama untuk kembali berkontestasi dalam pemilihan presiden pada 2024.  @prabowo  dekade08  mendingprabowo  pilpres2024  terusmajubersamaprabowo,in,[],[],1533170144205479936,1533170144205479936,sasqia_radaulii,Sasqia Radauli,3,10,https://twitter.com/sasqia_radaulii/status/1608046721560645633,[],[],0,,False,0,0,0,,prabowo presiden,,,,,,,[],,,,
13,1608046631903203329,1608046631903203329,1672223167000.0,2022-12-28 10:26:07,+0000,,Ketua Fraksi Gerindra DPR RI ini menyampaikan kedatangan Prabowo tak lain untuk meminta restu kepada para ulama untuk kembali berkontestasi dalam pemilihan presiden pada 2024.  @prabowo  dekade08  mendingprabowo  pilpres2024  terusmajubersamaprabowo,in,[],[],1547052168967991296,1547052168967991296,Fuzaandini,Fuza Andini,3,10,https://twitter.com/Fuzaandini/status/1608046631903203329,[],[],0,,False,0,0,0,,prabowo presiden,,,,,,,[],,,,
14,1608046620758913024,1608046620758913024,1672223165000.0,2022-12-28 10:26:05,+0000,,Ketua Fraksi Gerindra DPR RI ini menyampaikan kedatangan Prabowo tak lain untuk meminta restu kepada para ulama untuk kembali berkontestasi dalam pemilihan presiden pada 2024.  @prabowo  dekade08  mendingprabowo  pilpres2024  terusmajubersamaprabowo,in,[],[],1533135550386843648,1533135550386843648,sastiafailaa_,Sastia Afaila,3,10,https://twitter.com/sastiafailaa_/status/1608046620758913024,[],[],0,,False,0,0,0,,prabowo presiden,,,,,,,[],,,,
15,1608046359743188992,1608046359743188992,1672223102000.0,2022-12-28 10:25:02,+0000,,Ketua Fraksi Gerindra DPR RI ini menyampaikan kedatangan Prabowo tak lain untuk meminta restu kepada para ulama untuk kembali berkontestasi dalam pemilihan presiden pada 2024.  @prabowo  dekade08  mendingprabowo  pilpres2024  terusmajubersamaprabowo,in,[],[],1534032147001946112,1534032147001946112,AhmadSy3_,Ahmad Syaputra,3,10,https://twitter.com/AhmadSy3_/status/1608046359743188992,[],[],0,,False,0,0,0,,prabowo presiden,,,,,,,[],,,,
16,1608046261856514049,1608046261856514049,1672223079000.0,2022-12-28 10:24:39,+0000,,Ketua Fraksi Gerindra DPR RI ini menyampaikan kedatangan Prabowo tak lain untuk meminta restu kepada para ulama untuk kembali berkontestasi dalam pemilihan presiden pada 2024.  @prabowo  dekade08  mendingprabowo  pilpres2024  terusmajubersamaprabowo,in,[],[],1546370519410171905,1546370519410171905,Ridaharlina,Rida Harlina,3,10,https://twitter.com/Ridaharlina/status/1608046261856514049,[],[],0,,False,0,0,0,,prabowo presiden,,,,,,,[],,,,
17,1608046204151304192,1608046204151304192,1672223065000.0,2022-12-28 10:24:25,+0000,,Ketua Fraksi Gerindra DPR RI ini menyampaikan kedatangan Prabowo tak lain untuk meminta restu kepada para ulama untuk kembali berkontestasi dalam pemilihan presiden pada 2024.  @prabowo  dekade08  mendingprabowo  pilpres2024  terusmajubersamaprabowo,in,[],[],1532584095963701248,1532584095963701248,tina_aggr,Tina Anggraini,3,10,https://twitter.com/tina_aggr/status/1608046204151304192,[],[],0,,False,0,0,0,,prabowo presiden,,,,,,,[],,,,
18,1608046192067514370,1608046192067514370,1672223062000.0,2022-12-28 10:24:22,+0000,,Ketua Fraksi Gerindra DPR RI ini menyampaikan kedatangan Prabowo tak lain untuk meminta restu kepada para ulama untuk kembali berkontestasi dalam pemilihan presiden pada 2024.  @prabowo  dekade08  mendingprabowo  pilpres2024  terusmajubersamaprabowo,in,[],[],1532594183625912321,1532594183625912321,zky_zaki,Muhammad Zaki,3,10,https://twitter.com/zky_zaki/status/1608046192067514370,[],[],0,,False,0,0,0,,prabowo presiden,,,,,,,[],,,,
19,1608037943305994240,1608037943305994240,1672221096000.0,2022-12-28 09:51:36,+0000,,"""Semoga Allah SWT meridhoi perjuangan Bang Harrifar dan Pak Prabowo bisa dimudahkan Allah SWT menjadi Presiden 2024 nanti. Amin,"" ucap Suhaidi.  @prabowo  dekade08  mendingprabowo  pilpres2024  terusmajubersamaprabowo",in,[],[],1547081967359119360,1547081967359119360,KintariRozza,Rozza Kintari,3,09,https://twitter.com/KintariRozza/status/1608037943305994240,[],[],0,,False,0,0,0,,prabowo presiden,,,,,,,[],,,,
20,1608037928999202816,1608037928999202816,1672221092000.0,2022-12-28 09:51:32,+0000,,"""Semoga Allah SWT meridhoi perjuangan Bang Harrifar dan Pak Prabowo bisa dimudahkan Allah SWT menjadi Presiden 2024 nanti. Amin,"" ucap Suhaidi.  @prabowo  dekade08  mendingprabowo  pilpres2024  terusmajubersamaprabowo",in,[],[],1546897622492819456,1546897622492819456,DarrulHizya,Hizya Darrul,3,09,https://twitter.com/DarrulHizya/status/1608037928999202816,[],[],0,,False,0,0,0,,prabowo presiden,,,,,,,[],,,,
21,1608037597242179586,1608037597242179586,1672221013000.0,2022-12-28 09:50:13,+0000,,"""Semoga Allah SWT meridhoi perjuangan Bang Harrifar dan Pak Prabowo bisa dimudahkan Allah SWT menjadi Presiden 2024 nanti. Amin,"" ucap Suhaidi.  @prabowo  dekade08  mendingprabowo  pilpres2024  terusmajubersamaprabowo",in,[],[],1495459781871489024,1495459781871489024,hermantmwa_,Herman Tumiwa,3,09,https://twitter.com/hermantmwa_/status/1608037597242179586,[],[],0,,False,0,0,0,,prabowo presiden,,,,,,,[],,,,
22,1608037334184005632,1608037334184005632,1672220951000.0,2022-12-28 09:49:11,+0000,,"""Semoga Allah SWT meridhoi perjuangan Bang Harrifar dan Pak Prabowo bisa dimudahkan Allah SWT menjadi Presiden 2024 nanti. Amin,"" ucap Suhaidi.  @prabowo  dekade08  mendingprabowo  pilpres2024  terusmajubersamaprabowo",in,[],[],1495427398908604420,1495427398908604420,zaskiaptri_,Zaskia Putri,3,09,https://twitter.com/zaskiaptri_/status/1608037334184005632,[],[],0,,False,0,0,0,,prabowo presiden,,,,,,,[],,,,
23,1608037321739505665,1608037321739505665,1672220948000.0,2022-12-28 09:49:08,+0000,,"""Semoga Allah SWT meridhoi perjuangan Bang Harrifar dan Pak Prabowo bisa dimudahkan Allah SWT menjadi Presiden 2024 nanti. Amin,"" ucap Suhaidi.  @prabowo  dekade08  mendingprabowo  pilpres2024  terusmajubersamaprabowo",in,[],[],1495426677673201666,1495426677673201666,bulangaluhh_,Bulan Galuh,3,09,https://twitter.com/bulangaluhh_/status/1608037321739505665,[],[],0,,False,0,0,0,,prabowo presiden,,,,,,,[],,,,
24,1608037287392350208,1608037287392350208,1672220939000.0,2022-12-28 09:48:59,+0000,,"""Semoga Allah SWT meridhoi perjuangan Bang Harrifar dan Pak Prabowo bisa dimudahkan Allah SWT menjadi Presiden 2024 nanti. Amin,"" ucap Suhaidi.  @prabowo  dekade08  mendingprabowo  pilpres2024  terusmajubersamaprabowo",in,[],[],1508708842192121860,1508708842192121860,VYulisti,Vina Yulisti,3,09,https://twitter.com/VYulisti/status/1608037287392350208,[],[],0,,False,0,0,0,,prabowo presiden,,,,,,,[],,,,
25,1608037215476813824,1608037215476813824,1672220922000.0,2022-12-28 09:48:42,+0000,,"""Semoga Allah SWT meridhoi perjuangan Bang Harrifar dan Pak Prabowo bisa dimudahkan Allah SWT menjadi Presiden 2024 nanti. Amin,"" ucap Suhaidi.  @prabowo  dekade08  mendingprabowo  pilpres2024  terusmajubersamaprabowo",in,[],[],1508450054792953862,1508450054792953862,Taniaanandaa,Tania Ananda,3,09,https://twitter.com/Taniaanandaa/status/1608037215476813824,[],[],0,,False,0,0,0,,prabowo presiden,,,,,,,[],,,,
26,1608037121432096768,1608037121432096768,1672220900000.0,2022-12-28 09:48:20,+0000,,"""Semoga Allah SWT meridhoi perjuangan Bang Harrifar dan Pak Prabowo bisa dimudahkan Allah SWT menjadi Presiden 2024 nanti. Amin,"" ucap Suhaidi.  @prabowo  dekade08  mendingprabowo  pilpres2024  terusmajubersamaprabowo",in,[],[],1508323806603284480,1508323806603284480,BungaAnindyaa,Bunga Anindya,3,09,https://twitter.com/BungaAnindyaa/status/1608037121432096768,[],[],0,,False,0,0,0,,prabowo presiden,,,,,,,[],,,,
27,1608037082618015744,1608037082618015744,1672220891000.0,2022-12-28 09:48:11,+0000,,"""Semoga Allah SWT meridhoi perjuangan Bang Harrifar dan Pak Prabowo bisa dimudahkan Allah SWT menjadi Presiden 2024 nanti. Amin,"" ucap Suhaidi.  @prabowo  dekade08  mendingprabowo  pilpres2024  terusmajubersamaprabowo",in,[],[],1508320994737287174,1508320994737287174,Aviraagustia,Avira Agustia,3,09,https://twitter.com/Aviraagustia/status/1608037082618015744,[],[],0,,False,0,0,0,,prabowo presiden,,,,,,,[],,,,
28,1608037027169325058,1608037027169325058,1672220877000.0,2022-12-28 09:47:57,+0000,,"""Semoga Allah SWT meridhoi perjuangan Bang Harrifar dan Pak Prabowo bisa dimudahkan Allah SWT menjadi Presiden 2024 nanti. Amin,"" ucap Suhaidi.  @prabowo  dekade08  mendingprabowo  pilpres2024  terusmajubersamaprabowo",in,[],[],1508340872517402626,1508340872517402626,AndiiEgi,Andi Egi,3,09,https://twitter.com/AndiiEgi/status/1608037027169325058,[],[],0,,False,0,0,0,,prabowo presiden,,,,,,,[],,,,
29,1608036643222753281,1608036643222753281,1672220786000.0,2022-12-28 09:46:26,+0000,,"""Semoga Allah SWT meridhoi perjuangan Bang Harrifar dan Pak Prabowo bisa dimudahkan Allah SWT menjadi Presiden 2024 nanti. Amin,"" ucap Suhaidi.  @prabowo  dekade08  mendingprabowo  pilpres2024  terusmajubersamaprabowo",in,[],[],1508684634867249152,1508684634867249152,nabilaaryy,nabila aryani,3,09,https://twitter.com/nabilaaryy/status/1608036643222753281,[],[],0,,False,0,0,0,,prabowo presiden,,,,,,,[],,,,
30,1608036574037708805,1608036574037708805,1672220769000.0,2022-12-28 09:46:09,+0000,,"""Semoga Allah SWT meridhoi perjuangan Bang Harrifar dan Pak Prabowo bisa dimudahkan Allah SWT menjadi Presiden 2024 nanti. Amin,"" ucap Suhaidi.  @prabowo  dekade08  mendingprabowo  pilpres2024  terusmajubersamaprabowo",in,[],[],1496856780432834566,1496856780432834566,CalistaWarmina,Warmina Calista,3,09,https://twitter.com/CalistaWarmina/status/1608036574037708805,[],[],0,,False,0,0,0,,prabowo presiden,,,,,,,[],,,,
31,1608036245871144960,1608036245871144960,1672220691000.0,2022-12-28 09:44:51,+0000,,"""Semoga Allah SWT meridhoi perjuangan Bang Harrifar dan Pak Prabowo bisa dimudahkan Allah SWT menjadi Presiden 2024 nanti. Amin,"" ucap Suhaidi.  @prabowo  dekade08  mendingprabowo  pilpres2024  terusmajubersamaprabowo",in,[],[],1496381268249886721,1496381268249886721,YustinaWinda1,Yustina Winda,3,09,https://twitter.com/YustinaWinda1/status/1608036245871144960,[],[],0,,False,0,0,0,,prabowo presiden,,,,,,,[],,,,
32,1608036102493065216,1608036102493065216,1672220657000.0,2022-12-28 09:44:17,+0000,,"""Semoga Allah SWT meridhoi perjuangan Bang Harrifar dan Pak Prabowo bisa dimudahkan Allah SWT menjadi Presiden 2024 nanti. Amin,"" ucap Suhaidi.  @prabowo  dekade08  mendingprabowo  pilpres2024  terusmajubersamaprabowo",in,[],[],1521730292779995142,1521730292779995142,AdkrNadira,nadira adikoro,3,09,https://twitter.com/AdkrNadira/status/1608036102493065216,[],[],0,,False,0,0,0,,prabowo presiden,,,,,,,[],,,,
33,1608036097371820034,1608036097371820034,1672220656000.0,2022-12-28 09:44:16,+0000,,"""Semoga Allah SWT meridhoi perjuangan Bang Harrifar dan Pak Prabowo bisa dimudahkan Allah SWT menjadi Presiden 2024 nanti. Amin,"" ucap Suhaidi.  @prabowo  dekade08  mendingprabowo  pilpres2024  terusmajubersamaprabowo",in,[],[],1496368345998049280,1496368345998049280,ErikaSafiera,Safiera Erika,3,09,https://twitter.com/ErikaSafiera/status/1608036097371820034,[],[],0,,False,0,0,0,,prabowo presiden,,,,,,,[],,,,
34,1608035830165299201,1608035830165299201,1672220592000.0,2022-12-28 09:43:12,+0000,,"""Semoga Allah SWT meridhoi perjuangan Bang Harrifar dan Pak Prabowo bisa dimudahkan Allah SWT menjadi Presiden 2024 nanti. Amin,"" ucap Suhaidi.  @prabowo  dekade08  mendingprabowo  pilpres2024  terusmajubersamaprabowo",in,[],[],1521730287138656257,1521730287138656257,FitsaMarina,fitsa marina,3,09,https://twitter.com/FitsaMarina/status/1608035830165299201,[],[],0,,False,0,0,0,,prabowo presiden,,,,,,,[],,,,
35,1608035808640118784,1608035808640118784,1672220587000.0,2022-12-28 09:43:07,+0000,,"""Semoga Allah SWT meridhoi perjuangan Bang Harrifar dan Pak Prabowo bisa dimudahkan Allah SWT menjadi Presiden 2024 nanti. Amin,"" ucap Suhaidi.  @prabowo  dekade08  mendingprabowo  pilpres2024  terusmajubersamaprabowo",in,[],[],1521727204656177152,1521727204656177152,pricillia_kezia,kezia pricillia,3,09,https://twitter.com/pricillia_kezia/status/1608035808640118784,[],[],0,,False,0,0,0,,prabowo presiden,,,,,,,[],,,,
36,1608035763157110786,1608035763157110786,1672220576000.0,2022-12-28 09:42:56,+0000,,"""Semoga Allah SWT meridhoi perjuangan Bang Harrifar dan Pak Prabowo bisa dimudahkan Allah SWT menjadi Presiden 2024 nanti. Amin,"" ucap Suhaidi.  @prabowo  dekade08  mendingprabowo  pilpres2024  terusmajubersamaprabowo",in,[],[],1521725923539578881,1521725923539578881,chrissaliarebe1,chrissalia rebecca,3,09,https://twitter.com/chrissaliarebe1/status/1608035763157110786,[],[],0,,False,0,0,0,,prabowo presiden,,,,,,,[],,,,
37,1608035335182876673,1608035335182876673,1672220474000.0,2022-12-28 09:41:14,+0000,,"""Semoga Allah SWT meridhoi perjuangan Bang Harrifar dan Pak Prabowo bisa dimudahkan Allah SWT menjadi Presiden 2024 nanti. Amin,"" ucap Suhaidi.  @prabowo  dekade08  mendingprabowo  pilpres2024  terusmajubersamaprabowo",in,[],[],1534590768262041601,1534590768262041601,RiniAmbarw,Rini Ambarwati,3,09,https://twitter.com/RiniAmbarw/status/1608035335182876673,[],[],0,,False,0,0,0,,prabowo presiden,,,,,,,[],,,,
38,1608035327863840773,1608035327863840773,1672220472000.0,2022-12-28 09:41:12,+0000,,"""Semoga Allah SWT meridhoi perjuangan Bang Harrifar dan Pak Prabowo bisa dimudahkan Allah SWT menjadi Presiden 2024 nanti. Amin,"" ucap Suhaidi.  @prabowo  dekade08  mendingprabowo  pilpres2024  terusmajubersamaprabowo",in,[],[],1508280949666066434,1508280949666066434,Jessicavanes13,Jessica Vanesa,3,09,https://twitter.com/Jessicavanes13/status/1608035327863840773,[],[],0,,False,0,0,0,,prabowo presiden,,,,,,,[],,,,
39,1608035317461975040,1608035317461975040,1672220470000.0,2022-12-28 09:41:10,+0000,,"""Semoga Allah SWT meridhoi perjuangan Bang Harrifar dan Pak Prabowo bisa dimudahkan Allah SWT menjadi Presiden 2024 nanti. Amin,"" ucap Suhaidi.  @prabowo  dekade08  mendingprabowo  pilpres2024  terusmajubersamaprabowo",in,[],[],1534594949530132480,1534594949530132480,arisanti_nia,Nia Arisanti,3,09,https://twitter.com/arisanti_nia/status/1608035317461975040,[],[],0,,False,0,0,0,,prabowo presiden,,,,,,,[],,,,
40,1608034794763612160,1608034794763612160,1672220345000.0,2022-12-28 09:39:05,+0000,,"""Semoga Allah SWT meridhoi perjuangan Bang Harrifar dan Pak Prabowo bisa dimudahkan Allah SWT menjadi Presiden 2024 nanti. Amin,"" ucap Suhaidi.  @prabowo  dekade08  mendingprabowo  pilpres2024  terusmajubersamaprabowo",in,[],[],1508736166832799748,1508736166832799748,AnjaniSyakirah,Syakirah Anjani,3,09,https://twitter.com/AnjaniSyakirah/status/1608034794763612160,[],[],0,,False,0,0,0,,prabowo presiden,,,,,,,[],,,,
41,1608034744742318080,1608034744742318080,1672220333000.0,2022-12-28 09:38:53,+0000,,"""Semoga Allah SWT meridhoi perjuangan Bang Harrifar dan Pak Prabowo bisa dimudahkan Allah SWT menjadi Presiden 2024 nanti. Amin,"" ucap Suhaidi.  @prabowo  dekade08  mendingprabowo  pilpres2024  terusmajubersamaprabowo",in,[],[],1523448236249612288,1523448236249612288,AmrilNaufal,Naufal,3,09,https://twitter.com/AmrilNaufal/status/1608034744742318080,[],[],0,,False,0,0,0,,prabowo presiden,,,,,,,[],,,,
42,1608034690778423297,1608034690778423297,1672220320000.0,2022-12-28 09:38:40,+0000,,"""Semoga Allah SWT meridhoi perjuangan Bang Harrifar dan Pak Prabowo bisa dimudahkan Allah SWT menjadi Presiden 2024 nanti. Amin,"" ucap Suhaidi.  @prabowo  dekade08  mendingprabowo  pilpres2024  terusmajubersamaprabowo",in,[],[],1508726511033266176,1508726511033266176,saidah_leli,Leli Saidah,3,09,https://twitter.com/saidah_leli/status/1608034690778423297,[],[],0,,False,0,0,0,,prabowo presiden,,,,,,,[],,,,
43,1608034679504130049,1608034679504130049,1672220318000.0,2022-12-28 09:38:38,+0000,,"""Semoga Allah SWT meridhoi perjuangan Bang Harrifar dan Pak Prabowo bisa dimudahkan Allah SWT menjadi Presiden 2024 nanti. Amin,"" ucap Suhaidi.  @prabowo  dekade08  mendingprabowo  pilpres2024  terusmajubersamaprabowo",in,[],[],1509824504725270534,1509824504725270534,sieradwla_,Siera Dewala,3,09,https://twitter.com/sieradwla_/status/1608034679504130049,[],[],0,,False,0,0,0,,prabowo presiden,,,,,,,[],,,,
44,1608034526990827520,1608034526990827520,1672220281000.0,2022-12-28 09:38:01,+0000,,"""Semoga Allah SWT meridhoi perjuangan Bang Harrifar dan Pak Prabowo bisa dimudahkan Allah SWT menjadi Presiden 2024 nanti. Amin,"" ucap Suhaidi.  @prabowo  dekade08  mendingprabowo  pilpres2024  terusmajubersamaprabowo",in,[],[],1508675362561339394,1508675362561339394,IndraPe6_,Indra Permata,3,09,https://twitter.com/IndraPe6_/status/1608034526990827520,[],[],0,,False,0,0,0,,prabowo presiden,,,,,,,[],,,,
45,1608034457994280960,1608034457994280960,1672220265000.0,2022-12-28 09:37:45,+0000,,"Di Hadapan Darori, Ribuan Warga Kebumen Doakan Prabowo JadiÂ Presiden  https://t.co/XSVQXOytZO",in,[],[],1224724987178668032,1224724987178668032,BimataIndonesia,Bimata Indonesia,3,09,https://twitter.com/BimataIndonesia/status/1608034457994280960,['https://bimata.id/2022/12/di-hadapan-darori-ribuan-warga-kebumen-doakan-prabowo-jadi-presiden/'],[],0,,False,0,0,0,,prabowo presiden,,,,,,,[],,,,
46,1608034376000106496,1608034376000106496,1672220245000.0,2022-12-28 09:37:25,+0000,,"""Semoga Allah SWT meridhoi perjuangan Bang Harrifar dan Pak Prabowo bisa dimudahkan Allah SWT menjadi Presiden 2024 nanti. Amin,"" ucap Suhaidi.  @prabowo  dekade08  mendingprabowo  pilpres2024  terusmajubersamaprabowo",in,[],[],1508712973413797888,1508712973413797888,HaniNingsih4,Hani Ningsih,3,09,https://twitter.com/HaniNingsih4/status/1608034376000106496,[],[],0,,False,0,0,0,,prabowo presiden,,,,,,,[],,,,
47,1608034219791650820,1608034219791650820,1672220208000.0,2022-12-28 09:36:48,+0000,,"""Semoga Allah SWT meridhoi perjuangan Bang Harrifar dan Pak Prabowo bisa dimudahkan Allah SWT menjadi Presiden 2024 nanti. Amin,"" ucap Suhaidi.  @prabowo  dekade08  mendingprabowo  pilpres2024  terusmajubersamaprabowo",in,[],[],1508741335364534276,1508741335364534276,zaidanhsn_,Zaidan Husein,3,09,https://twitter.com/zaidanhsn_/status/1608034219791650820,[],[],0,,False,0,0,0,,prabowo presiden,,,,,,,[],,,,
48,1608034212845871105,1608034212845871105,1672220206000.0,2022-12-28 09:36:46,+0000,,"""Karena itu, di dalam salah satu poin kerja sama calon presiden dan calon wakil presiden dari koalisi Gerindra dan PKB ditentukan oleh Pak Prabowo dan Pak Muhaimin,"" kata Muzani.  @prabowo  dekade08  mendingprabowo  pilpres2024  terusmajubersamaprabowo",in,[],[],1546897622492819456,1546897622492819456,DarrulHizya,Hizya Darrul,3,09,https://twitter.com/DarrulHizya/status/1608034212845871105,[],[],0,,False,0,0,0,,prabowo presiden,,,,,,,[],,,,
49,1608034179475968003,1608034179475968003,1672220198000.0,2022-12-28 09:36:38,+0000,,"""Semoga Allah SWT meridhoi perjuangan Bang Harrifar dan Pak Prabowo bisa dimudahkan Allah SWT menjadi Presiden 2024 nanti. Amin,"" ucap Suhaidi.  @prabowo  dekade08  mendingprabowo  pilpres2024  terusmajubersamaprabowo",in,[],[],1509020071989231622,1509020071989231622,AthayaP_,Athaya Putra,3,09,https://twitter.com/AthayaP_/status/1608034179475968003,[],[],0,,False,0,0,0,,prabowo presiden,,,,,,,[],,,,
50,1608034152493813764,1608034152493813764,1672220192000.0,2022-12-28 09:36:32,+0000,,"""Karena itu, di dalam salah satu poin kerja sama calon presiden dan calon wakil presiden dari koalisi Gerindra dan PKB ditentukan oleh Pak Prabowo dan Pak Muhaimin,"" kata Muzani.  @prabowo  dekade08  mendingprabowo  pilpres2024  terusmajubersamaprabowo",in,[],[],1547081967359119360,1547081967359119360,KintariRozza,Rozza Kintari,3,09,https://twitter.com/KintariRozza/status/1608034152493813764,[],[],0,,False,0,0,0,,prabowo presiden,,,,,,,[],,,,
51,1608034141051944962,1608034141051944962,1672220189000.0,2022-12-28 09:36:29,+0000,,"""Semoga Allah SWT meridhoi perjuangan Bang Harrifar dan Pak Prabowo bisa dimudahkan Allah SWT menjadi Presiden 2024 nanti. Amin,"" ucap Suhaidi.  @prabowo  dekade08  mendingprabowo  pilpres2024  terusmajubersamaprabowo",in,[],[],1509019481766445057,1509019481766445057,AbelFavian5,Abel Favian,3,09,https://twitter.com/AbelFavian5/status/1608034141051944962,[],[],0,,False,0,0,0,,prabowo presiden,,,,,,,[],,,,
52,1608034122198560769,1608034122198560769,1672220185000.0,2022-12-28 09:36:25,+0000,,"""Karena itu, di dalam salah satu poin kerja sama calon presiden dan calon wakil presiden dari koalisi Gerindra dan PKB ditentukan oleh Pak Prabowo dan Pak Muhaimin,"" kata Muzani.  @prabowo  dekade08  mendingprabowo  pilpres2024  terusmajubersamaprabowo",in,[],[],1495459781871489024,1495459781871489024,hermantmwa_,Herman Tumiwa,3,09,https://twitter.com/hermantmwa_/status/1608034122198560769,[],[],0,,False,0,0,0,,prabowo presiden,,,,,,,[],,,,
53,1608034102166556672,1608034102166556672,1672220180000.0,2022-12-28 09:36:20,+0000,,"""Semoga Allah SWT meridhoi perjuangan Bang Harrifar dan Pak Prabowo bisa dimudahkan Allah SWT menjadi Presiden 2024 nanti. Amin,"" ucap Suhaidi.  @prabowo  dekade08  mendingprabowo  pilpres2024  terusmajubersamaprabowo",in,[],[],1547130401864708096,1547130401864708096,NaradaOlivia,Olivia Narada,3,09,https://twitter.com/NaradaOlivia/status/1608034102166556672,[],[],0,,False,0,0,0,,prabowo presiden,,,,,,,[],,,,
54,1608034061112733696,1608034061112733696,1672220170000.0,2022-12-28 09:36:10,+0000,,"""Semoga Allah SWT meridhoi perjuangan Bang Harrifar dan Pak Prabowo bisa dimudahkan Allah SWT menjadi Presiden 2024 nanti. Amin,"" ucap Suhaidi.  @prabowo  dekade08  mendingprabowo  pilpres2024  terusmajubersamaprabowo",in,[],[],1508409876816723969,1508409876816723969,prawiradijaya9,prawira dijaya,3,09,https://twitter.com/prawiradijaya9/status/1608034061112733696,[],[],0,,False,0,0,0,,prabowo presiden,,,,,,,[],,,,
55,1608033788256473089,1608033788256473089,1672220105000.0,2022-12-28 09:35:05,+0000,,"""Karena itu, di dalam salah satu poin kerja sama calon presiden dan calon wakil presiden dari koalisi Gerindra dan PKB ditentukan oleh Pak Prabowo dan Pak Muhaimin,"" kata Muzani.  @prabowo  dekade08  mendingprabowo  pilpres2024  terusmajubersamaprabowo",in,[],[],1495427398908604420,1495427398908604420,zaskiaptri_,Zaskia Putri,3,09,https://twitter.com/zaskiaptri_/status/1608033788256473089,[],[],0,,False,0,0,0,,prabowo presiden,,,,,,,[],,,,
56,1608033665157857281,1608033665157857281,1672220076000.0,2022-12-28 09:34:36,+0000,,"""Karena itu, di dalam salah satu poin kerja sama calon presiden dan calon wakil presiden dari koalisi Gerindra dan PKB ditentukan oleh Pak Prabowo dan Pak Muhaimin,"" kata Muzani.  @prabowo  dekade08  mendingprabowo  pilpres2024  terusmajubersamaprabowo",in,[],[],1495426677673201666,1495426677673201666,bulangaluhh_,Bulan Galuh,3,09,https://twitter.com/bulangaluhh_/status/1608033665157857281,[],[],0,,False,0,0,0,,prabowo presiden,,,,,,,[],,,,
57,1608033639669067777,1608033639669067777,1672220070000.0,2022-12-28 09:34:30,+0000,,"""Karena itu, di dalam salah satu poin kerja sama calon presiden dan calon wakil presiden dari koalisi Gerindra dan PKB ditentukan oleh Pak Prabowo dan Pak Muhaimin,"" kata Muzani.  @prabowo  dekade08  mendingprabowo  pilpres2024  terusmajubersamaprabowo",in,[],[],1508708842192121860,1508708842192121860,VYulisti,Vina Yulisti,3,09,https://twitter.com/VYulisti/status/1608033639669067777,[],[],0,,False,0,0,0,,prabowo presiden,,,,,,,[],,,,
58,1608033563840217091,1608033563840217091,1672220052000.0,2022-12-28 09:34:12,+0000,,"""Karena itu, di dalam salah satu poin kerja sama calon presiden dan calon wakil presiden dari koalisi Gerindra dan PKB ditentukan oleh Pak Prabowo dan Pak Muhaimin,"" kata Muzani.  @prabowo  dekade08  mendingprabowo  pilpres2024  terusmajubersamaprabowo",in,[],[],1508450054792953862,1508450054792953862,Taniaanandaa,Tania Ananda,3,09,https://twitter.com/Taniaanandaa/status/1608033563840217091,[],[],0,,False,0,0,0,,prabowo presiden,,,,,,,[],,,,
59,1608033469153824768,1608033469153824768,1672220029000.0,2022-12-28 09:33:49,+0000,,"""Karena itu, di dalam salah satu poin kerja sama calon presiden dan calon wakil presiden dari koalisi Gerindra dan PKB ditentukan oleh Pak Prabowo dan Pak Muhaimin,"" kata Muzani.  @prabowo  dekade08  mendingprabowo  pilpres2024  terusmajubersamaprabowo",in,[],[],1508323806603284480,1508323806603284480,BungaAnindyaa,Bunga Anindya,3,09,https://twitter.com/BungaAnindyaa/status/1608033469153824768,[],[],0,,False,0,0,0,,prabowo presiden,,,,,,,[],,,,
60,1608033454184337409,1608033454184337409,1672220025000.0,2022-12-28 09:33:45,+0000,,"""Karena itu, di dalam salah satu poin kerja sama calon presiden dan calon wakil presiden dari koalisi Gerindra dan PKB ditentukan oleh Pak Prabowo dan Pak Muhaimin,"" kata Muzani.  @prabowo  dekade08  mendingprabowo  pilpres2024  terusmajubersamaprabowo",in,[],[],1508320994737287174,1508320994737287174,Aviraagustia,Avira Agustia,3,09,https://twitter.com/Aviraagustia/status/1608033454184337409,[],[],0,,False,0,0,0,,prabowo presiden,,,,,,,[],,,,
61,1608033382029754375,1608033382029754375,1672220008000.0,2022-12-28 09:33:28,+0000,,Ketua Fraksi Gerindra DPR RI ini menyampaikan kedatangan Prabowo tak lain untuk meminta restu kepada para ulama untuk kembali berkontestasi dalam pemilihan presiden pada 2024.  @prabowo  dekade08  mendingprabowo  pilpres2024  terusmajubersamaprabowo,in,[],[],1546897622492819456,1546897622492819456,DarrulHizya,Hizya Darrul,3,09,https://twitter.com/DarrulHizya/status/1608033382029754375,[],[],0,,False,0,0,0,,prabowo presiden,,,,,,,[],,,,
62,1608033338169888768,1608033338169888768,1672219998000.0,2022-12-28 09:33:18,+0000,,Ketua Fraksi Gerindra DPR RI ini menyampaikan kedatangan Prabowo tak lain untuk meminta restu kepada para ulama untuk kembali berkontestasi dalam pemilihan presiden pada 2024.  @prabowo  dekade08  mendingprabowo  pilpres2024  terusmajubersamaprabowo,in,[],[],1547081967359119360,1547081967359119360,KintariRozza,Rozza Kintari,3,09,https://twitter.com/KintariRozza/status/1608033338169888768,[],[],0,,False,0,0,0,,prabowo presiden,,,,,,,[],,,,
63,1608033202870063106,1608033202870063106,1672219966000.0,2022-12-28 09:32:46,+0000,,Ketua Fraksi Gerindra DPR RI ini menyampaikan kedatangan Prabowo tak lain untuk meminta restu kepada para ulama untuk kembali berkontestasi dalam pemilihan presiden pada 2024.  @prabowo  dekade08  mendingprabowo  pilpres2024  terusmajubersamaprabowo,in,[],[],1495459781871489024,1495459781871489024,hermantmwa_,Herman Tumiwa,3,09,https://twitter.com/hermantmwa_/status/1608033202870063106,[],[],0,,False,0,0,0,,prabowo presiden,,,,,,,[],,,,
64,1608032995478474754,1608032995478474754,1672219916000.0,2022-12-28 09:31:56,+0000,,"""Karena itu, di dalam salah satu poin kerja sama calon presiden dan calon wakil presiden dari koalisi Gerindra dan PKB ditentukan oleh Pak Prabowo dan Pak Muhaimin,"" kata Muzani.  @prabowo  dekade08  mendingprabowo  pilpres2024  terusmajubersamaprabowo",in,[],[],1508684634867249152,1508684634867249152,nabilaaryy,nabila aryani,3,09,https://twitter.com/nabilaaryy/status/1608032995478474754,[],[],0,,False,0,0,0,,prabowo presiden,,,,,,,[],,,,
65,1608032927417532416,1608032927417532416,1672219900000.0,2022-12-28 09:31:40,+0000,,Ketua Fraksi Gerindra DPR RI ini menyampaikan kedatangan Prabowo tak lain untuk meminta restu kepada para ulama untuk kembali berkontestasi dalam pemilihan presiden pada 2024.  @prabowo  dekade08  mendingprabowo  pilpres2024  terusmajubersamaprabowo,in,[],[],1495427398908604420,1495427398908604420,zaskiaptri_,Zaskia Putri,3,09,https://twitter.com/zaskiaptri_/status/1608032927417532416,[],[],0,,False,0,0,0,,prabowo presiden,,,,,,,[],,,,
66,1608032919712575492,1608032919712575492,1672219898000.0,2022-12-28 09:31:38,+0000,,"""Karena itu, di dalam salah satu poin kerja sama calon presiden dan calon wakil presiden dari koalisi Gerindra dan PKB ditentukan oleh Pak Prabowo dan Pak Muhaimin,"" kata Muzani.  @prabowo  dekade08  mendingprabowo  pilpres2024  terusmajubersamaprabowo",in,[],[],1496856780432834566,1496856780432834566,CalistaWarmina,Warmina Calista,3,09,https://twitter.com/CalistaWarmina/status/1608032919712575492,[],[],0,,False,0,0,0,,prabowo presiden,,,,,,,[],,,,
67,1608032908585074689,1608032908585074689,1672219895000.0,2022-12-28 09:31:35,+0000,,Ketua Fraksi Gerindra DPR RI ini menyampaikan kedatangan Prabowo tak lain untuk meminta restu kepada para ulama untuk kembali berkontestasi dalam pemilihan presiden pada 2024.  @prabowo  dekade08  mendingprabowo  pilpres2024  terusmajubersamaprabowo,in,[],[],1495426677673201666,1495426677673201666,bulangaluhh_,Bulan Galuh,3,09,https://twitter.com/bulangaluhh_/status/1608032908585074689,[],[],0,,False,0,0,0,,prabowo presiden,,,,,,,[],,,,
68,1608032880176816129,1608032880176816129,1672219889000.0,2022-12-28 09:31:29,+0000,,Ketua Fraksi Gerindra DPR RI ini menyampaikan kedatangan Prabowo tak lain untuk meminta restu kepada para ulama untuk kembali berkontestasi dalam pemilihan presiden pada 2024.  @prabowo  dekade08  mendingprabowo  pilpres2024  terusmajubersamaprabowo,in,[],[],1508708842192121860,1508708842192121860,VYulisti,Vina Yulisti,3,09,https://twitter.com/VYulisti/status/1608032880176816129,[],[],0,,False,0,0,0,,prabowo presiden,,,,,,,[],,,,
69,1608032808504791040,1608032808504791040,1672219872000.0,2022-12-28 09:31:12,+0000,,Ketua Fraksi Gerindra DPR RI ini menyampaikan kedatangan Prabowo tak lain untuk meminta restu kepada para ulama untuk kembali berkontestasi dalam pemilihan presiden pada 2024.  @prabowo  dekade08  mendingprabowo  pilpres2024  terusmajubersamaprabowo,in,[],[],1508450054792953862,1508450054792953862,Taniaanandaa,Tania Ananda,3,09,https://twitter.com/Taniaanandaa/status/1608032808504791040,[],[],0,,False,0,0,0,,prabowo presiden,,,,,,,[],,,,
70,1608032675365015553,1608032675365015553,1672219840000.0,2022-12-28 09:30:40,+0000,,Ketua Fraksi Gerindra DPR RI ini menyampaikan kedatangan Prabowo tak lain untuk meminta restu kepada para ulama untuk kembali berkontestasi dalam pemilihan presiden pada 2024.  @prabowo  dekade08  mendingprabowo  pilpres2024  terusmajubersamaprabowo,in,[],[],1508320994737287174,1508320994737287174,Aviraagustia,Avira Agustia,3,09,https://twitter.com/Aviraagustia/status/1608032675365015553,[],[],0,,False,0,0,0,,prabowo presiden,,,,,,,[],,,,
71,1608032620549668866,1608032620549668866,1672219827000.0,2022-12-28 09:30:27,+0000,,Ketua Fraksi Gerindra DPR RI ini menyampaikan kedatangan Prabowo tak lain untuk meminta restu kepada para ulama untuk kembali berkontestasi dalam pemilihan presiden pada 2024.  @prabowo  dekade08  mendingprabowo  pilpres2024  terusmajubersamaprabowo,in,[],[],1508340872517402626,1508340872517402626,AndiiEgi,Andi Egi,3,09,https://twitter.com/AndiiEgi/status/1608032620549668866,[],[],0,,False,0,0,0,,prabowo presiden,,,,,,,[],,,,
72,1608032595371249666,1608032595371249666,1672219821000.0,2022-12-28 09:30:21,+0000,,"""Karena itu, di dalam salah satu poin kerja sama calon presiden dan calon wakil presiden dari koalisi Gerindra dan PKB ditentukan oleh Pak Prabowo dan Pak Muhaimin,"" kata Muzani.  @prabowo  dekade08  mendingprabowo  pilpres2024  terusmajubersamaprabowo",in,[],[],1496381268249886721,1496381268249886721,YustinaWinda1,Yustina Winda,3,09,https://twitter.com/YustinaWinda1/status/1608032595371249666,[],[],0,,False,0,0,0,,prabowo presiden,,,,,,,[],,,,
73,1608032449405292545,1608032449405292545,1672219786000.0,2022-12-28 09:29:46,+0000,,"""Karena itu, di dalam salah satu poin kerja sama calon presiden dan calon wakil presiden dari koalisi Gerindra dan PKB ditentukan oleh Pak Prabowo dan Pak Muhaimin,"" kata Muzani.  @prabowo  dekade08  mendingprabowo  pilpres2024  terusmajubersamaprabowo",in,[],[],1521730292779995142,1521730292779995142,AdkrNadira,nadira adikoro,3,09,https://twitter.com/AdkrNadira/status/1608032449405292545,[],[],0,,False,0,0,0,,prabowo presiden,,,,,,,[],,,,
74,1608032439561248771,1608032439561248771,1672219784000.0,2022-12-28 09:29:44,+0000,,"""Karena itu, di dalam salah satu poin kerja sama calon presiden dan calon wakil presiden dari koalisi Gerindra dan PKB ditentukan oleh Pak Prabowo dan Pak Muhaimin,"" kata Muzani.  @prabowo  dekade08  mendingprabowo  pilpres2024  terusmajubersamaprabowo",in,[],[],1496368345998049280,1496368345998049280,ErikaSafiera,Safiera Erika,3,09,https://twitter.com/ErikaSafiera/status/1608032439561248771,[],[],0,,False,0,0,0,,prabowo presiden,,,,,,,[],,,,
75,1608032239430041600,1608032239430041600,1672219736000.0,2022-12-28 09:28:56,+0000,,Ketua Fraksi Gerindra DPR RI ini menyampaikan kedatangan Prabowo tak lain untuk meminta restu kepada para ulama untuk kembali berkontestasi dalam pemilihan presiden pada 2024.  @prabowo  dekade08  mendingprabowo  pilpres2024  terusmajubersamaprabowo,in,[],[],1508684634867249152,1508684634867249152,nabilaaryy,nabila aryani,3,09,https://twitter.com/nabilaaryy/status/1608032239430041600,[],[],0,,False,0,0,0,,prabowo presiden,,,,,,,[],,,,
76,1608032179032064003,1608032179032064003,1672219721000.0,2022-12-28 09:28:41,+0000,,"""Karena itu, di dalam salah satu poin kerja sama calon presiden dan calon wakil presiden dari koalisi Gerindra dan PKB ditentukan oleh Pak Prabowo dan Pak Muhaimin,"" kata Muzani.  @prabowo  dekade08  mendingprabowo  pilpres2024  terusmajubersamaprabowo",in,[],[],1521730287138656257,1521730287138656257,FitsaMarina,fitsa marina,3,09,https://twitter.com/FitsaMarina/status/1608032179032064003,[],[],0,,False,0,0,0,,prabowo presiden,,,,,,,[],,,,
77,1608032176465117189,1608032176465117189,1672219721000.0,2022-12-28 09:28:41,+0000,,"""Karena itu, di dalam salah satu poin kerja sama calon presiden dan calon wakil presiden dari koalisi Gerindra dan PKB ditentukan oleh Pak Prabowo dan Pak Muhaimin,"" kata Muzani.  @prabowo  dekade08  mendingprabowo  pilpres2024  terusmajubersamaprabowo",in,[],[],1521725923539578881,1521725923539578881,chrissaliarebe1,chrissalia rebecca,3,09,https://twitter.com/chrissaliarebe1/status/1608032176465117189,[],[],0,,False,0,0,0,,prabowo presiden,,,,,,,[],,,,
78,1608032164851089408,1608032164851089408,1672219718000.0,2022-12-28 09:28:38,+0000,,Ketua Fraksi Gerindra DPR RI ini menyampaikan kedatangan Prabowo tak lain untuk meminta restu kepada para ulama untuk kembali berkontestasi dalam pemilihan presiden pada 2024.  @prabowo  dekade08  mendingprabowo  pilpres2024  terusmajubersamaprabowo,in,[],[],1496856780432834566,1496856780432834566,CalistaWarmina,Warmina Calista,3,09,https://twitter.com/CalistaWarmina/status/1608032164851089408,[],[],0,,False,0,0,0,,prabowo presiden,,,,,,,[],,,,
79,1608032161906712578,1608032161906712578,1672219717000.0,2022-12-28 09:28:37,+0000,,"""Karena itu, di dalam salah satu poin kerja sama calon presiden dan calon wakil presiden dari koalisi Gerindra dan PKB ditentukan oleh Pak Prabowo dan Pak Muhaimin,"" kata Muzani.  @prabowo  dekade08  mendingprabowo  pilpres2024  terusmajubersamaprabowo",in,[],[],1521727204656177152,1521727204656177152,pricillia_kezia,kezia pricillia,3,09,https://twitter.com/pricillia_kezia/status/1608032161906712578,[],[],0,,False,0,0,0,,prabowo presiden,,,,,,,[],,,,
80,1608031844540493824,1608031844540493824,1672219642000.0,2022-12-28 09:27:22,+0000,,Ketua Fraksi Gerindra DPR RI ini menyampaikan kedatangan Prabowo tak lain untuk meminta restu kepada para ulama untuk kembali berkontestasi dalam pemilihan presiden pada 2024.  @prabowo  dekade08  mendingprabowo  pilpres2024  terusmajubersamaprabowo,in,[],[],1496381268249886721,1496381268249886721,YustinaWinda1,Yustina Winda,3,09,https://twitter.com/YustinaWinda1/status/1608031844540493824,[],[],0,,False,0,0,0,,prabowo presiden,,,,,,,[],,,,
81,1608031696297021442,1608031696297021442,1672219606000.0,2022-12-28 09:26:46,+0000,,Ketua Fraksi Gerindra DPR RI ini menyampaikan kedatangan Prabowo tak lain untuk meminta restu kepada para ulama untuk kembali berkontestasi dalam pemilihan presiden pada 2024.  @prabowo  dekade08  mendingprabowo  pilpres2024  terusmajubersamaprabowo,in,[],[],1521730292779995142,1521730292779995142,AdkrNadira,nadira adikoro,3,09,https://twitter.com/AdkrNadira/status/1608031696297021442,[],[],0,,False,0,0,0,,prabowo presiden,,,,,,,[],,,,
82,1608031695600758785,1608031695600758785,1672219606000.0,2022-12-28 09:26:46,+0000,,Ketua Fraksi Gerindra DPR RI ini menyampaikan kedatangan Prabowo tak lain untuk meminta restu kepada para ulama untuk kembali berkontestasi dalam pemilihan presiden pada 2024.  @prabowo  dekade08  mendingprabowo  pilpres2024  terusmajubersamaprabowo,in,[],[],1496368345998049280,1496368345998049280,ErikaSafiera,Safiera Erika,3,09,https://twitter.com/ErikaSafiera/status/1608031695600758785,[],[],0,,False,0,0,0,,prabowo presiden,,,,,,,[],,,,
83,1608031679855333379,1608031679855333379,1672219602000.0,2022-12-28 09:26:42,+0000,,"""Karena itu, di dalam salah satu poin kerja sama calon presiden dan calon wakil presiden dari koalisi Gerindra dan PKB ditentukan oleh Pak Prabowo dan Pak Muhaimin,"" kata Muzani.  @prabowo  dekade08  mendingprabowo  pilpres2024  terusmajubersamaprabowo",in,[],[],1534594949530132480,1534594949530132480,arisanti_nia,Nia Arisanti,3,09,https://twitter.com/arisanti_nia/status/1608031679855333379,[],[],0,,False,0,0,0,,prabowo presiden,,,,,,,[],,,,
84,1608031655796834305,1608031655796834305,1672219597000.0,2022-12-28 09:26:37,+0000,,"""Karena itu, di dalam salah satu poin kerja sama calon presiden dan calon wakil presiden dari koalisi Gerindra dan PKB ditentukan oleh Pak Prabowo dan Pak Muhaimin,"" kata Muzani.  @prabowo  dekade08  mendingprabowo  pilpres2024  terusmajubersamaprabowo",in,[],[],1534590768262041601,1534590768262041601,RiniAmbarw,Rini Ambarwati,3,09,https://twitter.com/RiniAmbarw/status/1608031655796834305,[],[],0,,False,0,0,0,,prabowo presiden,,,,,,,[],,,,
85,1608031434186588160,1608031434186588160,1672219544000.0,2022-12-28 09:25:44,+0000,,Ketua Fraksi Gerindra DPR RI ini menyampaikan kedatangan Prabowo tak lain untuk meminta restu kepada para ulama untuk kembali berkontestasi dalam pemilihan presiden pada 2024.  @prabowo  dekade08  mendingprabowo  pilpres2024  terusmajubersamaprabowo,in,[],[],1521730287138656257,1521730287138656257,FitsaMarina,fitsa marina,3,09,https://twitter.com/FitsaMarina/status/1608031434186588160,[],[],0,,False,0,0,0,,prabowo presiden,,,,,,,[],,,,
86,1608031399721963520,1608031399721963520,1672219536000.0,2022-12-28 09:25:36,+0000,,Ketua Fraksi Gerindra DPR RI ini menyampaikan kedatangan Prabowo tak lain untuk meminta restu kepada para ulama untuk kembali berkontestasi dalam pemilihan presiden pada 2024.  @prabowo  dekade08  mendingprabowo  pilpres2024  terusmajubersamaprabowo,in,[],[],1521727204656177152,1521727204656177152,pricillia_kezia,kezia pricillia,3,09,https://twitter.com/pricillia_kezia/status/1608031399721963520,[],[],0,,False,0,0,0,,prabowo presiden,,,,,,,[],,,,
87,1608031356386443268,1608031356386443268,1672219525000.0,2022-12-28 09:25:25,+0000,,Ketua Fraksi Gerindra DPR RI ini menyampaikan kedatangan Prabowo tak lain untuk meminta restu kepada para ulama untuk kembali berkontestasi dalam pemilihan presiden pada 2024.  @prabowo  dekade08  mendingprabowo  pilpres2024  terusmajubersamaprabowo,in,[],[],1521725923539578881,1521725923539578881,chrissaliarebe1,chrissalia rebecca,3,09,https://twitter.com/chrissaliarebe1/status/1608031356386443268,[],[],0,,False,0,0,0,,prabowo presiden,,,,,,,[],,,,
88,1608031142548230148,1608031142548230148,1672219474000.0,2022-12-28 09:24:34,+0000,,"""Karena itu, di dalam salah satu poin kerja sama calon presiden dan calon wakil presiden dari koalisi Gerindra dan PKB ditentukan oleh Pak Prabowo dan Pak Muhaimin,"" kata Muzani.  @prabowo  dekade08  mendingprabowo  pilpres2024  terusmajubersamaprabowo",in,[],[],1508736166832799748,1508736166832799748,AnjaniSyakirah,Syakirah Anjani,3,09,https://twitter.com/AnjaniSyakirah/status/1608031142548230148,[],[],0,,False,0,0,0,,prabowo presiden,,,,,,,[],,,,
89,1608031059182252033,1608031059182252033,1672219454000.0,2022-12-28 09:24:14,+0000,,"""Karena itu, di dalam salah satu poin kerja sama calon presiden dan calon wakil presiden dari koalisi Gerindra dan PKB ditentukan oleh Pak Prabowo dan Pak Muhaimin,"" kata Muzani.  @prabowo  dekade08  mendingprabowo  pilpres2024  terusmajubersamaprabowo",in,[],[],1509824504725270534,1509824504725270534,sieradwla_,Siera Dewala,3,09,https://twitter.com/sieradwla_/status/1608031059182252033,[],[],0,,False,0,0,0,,prabowo presiden,,,,,,,[],,,,
90,1608031058209157121,1608031058209157121,1672219454000.0,2022-12-28 09:24:14,+0000,,"""Karena itu, di dalam salah satu poin kerja sama calon presiden dan calon wakil presiden dari koalisi Gerindra dan PKB ditentukan oleh Pak Prabowo dan Pak Muhaimin,"" kata Muzani.  @prabowo  dekade08  mendingprabowo  pilpres2024  terusmajubersamaprabowo",in,[],[],1523448236249612288,1523448236249612288,AmrilNaufal,Naufal,3,09,https://twitter.com/AmrilNaufal/status/1608031058209157121,[],[],0,,False,0,0,0,,prabowo presiden,,,,,,,[],,,,
91,1608031048667103232,1608031048667103232,1672219452000.0,2022-12-28 09:24:12,+0000,,"""Karena itu, di dalam salah satu poin kerja sama calon presiden dan calon wakil presiden dari koalisi Gerindra dan PKB ditentukan oleh Pak Prabowo dan Pak Muhaimin,"" kata Muzani.  @prabowo  dekade08  mendingprabowo  pilpres2024  terusmajubersamaprabowo",in,[],[],1508735251774074881,1508735251774074881,ErniPut8_,Erni Putri,3,09,https://twitter.com/ErniPut8_/status/1608031048667103232,[],[],0,,False,0,0,0,,prabowo presiden,,,,,,,[],,,,
92,1608031038982483968,1608031038982483968,1672219450000.0,2022-12-28 09:24:10,+0000,,"""Karena itu, di dalam salah satu poin kerja sama calon presiden dan calon wakil presiden dari koalisi Gerindra dan PKB ditentukan oleh Pak Prabowo dan Pak Muhaimin,"" kata Muzani.  @prabowo  dekade08  mendingprabowo  pilpres2024  terusmajubersamaprabowo",in,[],[],1508726511033266176,1508726511033266176,saidah_leli,Leli Saidah,3,09,https://twitter.com/saidah_leli/status/1608031038982483968,[],[],0,,False,0,0,0,,prabowo presiden,,,,,,,[],,,,
93,1608030919658700802,1608030919658700802,1672219421000.0,2022-12-28 09:23:41,+0000,,Ketua Fraksi Gerindra DPR RI ini menyampaikan kedatangan Prabowo tak lain untuk meminta restu kepada para ulama untuk kembali berkontestasi dalam pemilihan presiden pada 2024.  @prabowo  dekade08  mendingprabowo  pilpres2024  terusmajubersamaprabowo,in,[],[],1508280949666066434,1508280949666066434,Jessicavanes13,Jessica Vanesa,3,09,https://twitter.com/Jessicavanes13/status/1608030919658700802,[],[],0,,False,0,0,0,,prabowo presiden,,,,,,,[],,,,
94,1608030909412044801,1608030909412044801,1672219419000.0,2022-12-28 09:23:39,+0000,,Ketua Fraksi Gerindra DPR RI ini menyampaikan kedatangan Prabowo tak lain untuk meminta restu kepada para ulama untuk kembali berkontestasi dalam pemilihan presiden pada 2024.  @prabowo  dekade08  mendingprabowo  pilpres2024  terusmajubersamaprabowo,in,[],[],1534594949530132480,1534594949530132480,arisanti_nia,Nia Arisanti,3,09,https://twitter.com/arisanti_nia/status/1608030909412044801,[],[],0,,False,0,0,0,,prabowo presiden,,,,,,,[],,,,
95,1608030900599787520,1608030900599787520,1672219417000.0,2022-12-28 09:23:37,+0000,,Ketua Fraksi Gerindra DPR RI ini menyampaikan kedatangan Prabowo tak lain untuk meminta restu kepada para ulama untuk kembali berkontestasi dalam pemilihan presiden pada 2024.  @prabowo  dekade08  mendingprabowo  pilpres2024  terusmajubersamaprabowo,in,[],[],1534590768262041601,1534590768262041601,RiniAmbarw,Rini Ambarwati,3,09,https://twitter.com/RiniAmbarw/status/1608030900599787520,[],[],0,,False,0,0,0,,prabowo presiden,,,,,,,[],,,,
96,1608030766692466691,1608030766692466691,1672219385000.0,2022-12-28 09:23:05,+0000,,"""Karena itu, di dalam salah satu poin kerja sama calon presiden dan calon wakil presiden dari koalisi Gerindra dan PKB ditentukan oleh Pak Prabowo dan Pak Muhaimin,"" kata Muzani.  @prabowo  dekade08  mendingprabowo  pilpres2024  terusmajubersamaprabowo",in,[],[],1508713607957155841,1508713607957155841,YeniSur42_,Yeni Suryani,3,09,https://twitter.com/YeniSur42_/status/1608030766692466691,[],[],0,,False,0,0,0,,prabowo presiden,,,,,,,[],,,,
97,1608030689525628929,1608030689525628929,1672219366000.0,2022-12-28 09:22:46,+0000,,"""Karena itu, di dalam salah satu poin kerja sama calon presiden dan calon wakil presiden dari koalisi Gerindra dan PKB ditentukan oleh Pak Prabowo dan Pak Muhaimin,"" kata Muzani.  @prabowo  dekade08  mendingprabowo  pilpres2024  terusmajubersamaprabowo",in,[],[],1508692009112174593,1508692009112174593,DewiPer3_,Dewi Pertiwi,3,09,https://twitter.com/DewiPer3_/status/1608030689525628929,[],[],0,,False,0,0,0,,prabowo presiden,,,,,,,[],,,,
98,1608030623167582210,1608030623167582210,1672219350000.0,2022-12-28 09:22:30,+0000,,"""Karena itu, di dalam salah satu poin kerja sama calon presiden dan calon wakil presiden dari koalisi Gerindra dan PKB ditentukan oleh Pak Prabowo dan Pak Muhaimin,"" kata Muzani.  @prabowo  dekade08  mendingprabowo  pilpres2024  terusmajubersamaprabowo",in,[],[],1508675362561339394,1508675362561339394,IndraPe6_,Indra Permata,3,09,https://twitter.com/IndraPe6_/status/1608030623167582210,[],[],0,,False,0,0,0,,prabowo presiden,,,,,,,[],,,,
99,1608030568180232194,1608030568180232194,1672219337000.0,2022-12-28 09:22:17,+0000,,"""Karena itu, di dalam salah satu poin kerja sama calon presiden dan calon wakil presiden dari koalisi Gerindra dan PKB ditentukan oleh Pak Prabowo dan Pak Muhaimin,"" kata Muzani.  @prabowo  dekade08  mendingprabowo  pilpres2024  terusmajubersamaprabowo",in,[],[],1508741335364534276,1508741335364534276,zaidanhsn_,Zaidan Husein,3,09,https://twitter.com/zaidanhsn_/status/1608030568180232194,[],[],0,,False,0,0,0,,prabowo presiden,,,,,,,[],,,,
100,1608030527784898561,1608030527784898561,1672219328000.0,2022-12-28 09:22:08,+0000,,"""Karena itu, di dalam salah satu poin kerja sama calon presiden dan calon wakil presiden dari koalisi Gerindra dan PKB ditentukan oleh Pak Prabowo dan Pak Muhaimin,"" kata Muzani.  @prabowo  dekade08  mendingprabowo  pilpres2024  terusmajubersamaprabowo",in,[],[],1509020071989231622,1509020071989231622,AthayaP_,Athaya Putra,3,09,https://twitter.com/AthayaP_/status/1608030527784898561,[],[],0,,False,0,0,0,,prabowo presiden,,,,,,,[],,,,
101,1608030428908380166,1608030428908380166,1672219304000.0,2022-12-28 09:21:44,+0000,,"""Karena itu, di dalam salah satu poin kerja sama calon presiden dan calon wakil presiden dari koalisi Gerindra dan PKB ditentukan oleh Pak Prabowo dan Pak Muhaimin,"" kata Muzani.  @prabowo  dekade08  mendingprabowo  pilpres2024  terusmajubersamaprabowo",in,[],[],1547130401864708096,1547130401864708096,NaradaOlivia,Olivia Narada,3,09,https://twitter.com/NaradaOlivia/status/1608030428908380166,[],[],0,,False,0,0,0,,prabowo presiden,,,,,,,[],,,,
102,1608030407022489603,1608030407022489603,1672219299000.0,2022-12-28 09:21:39,+0000,,"""Karena itu, di dalam salah satu poin kerja sama calon presiden dan calon wakil presiden dari koalisi Gerindra dan PKB ditentukan oleh Pak Prabowo dan Pak Muhaimin,"" kata Muzani.  @prabowo  dekade08  mendingprabowo  pilpres2024  terusmajubersamaprabowo",in,[],[],1508409876816723969,1508409876816723969,prawiradijaya9,prawira dijaya,3,09,https://twitter.com/prawiradijaya9/status/1608030407022489603,[],[],0,,False,0,0,0,,prabowo presiden,,,,,,,[],,,,
103,1608030387820953600,1608030387820953600,1672219294000.0,2022-12-28 09:21:34,+0000,,Ketua Fraksi Gerindra DPR RI ini menyampaikan kedatangan Prabowo tak lain untuk meminta restu kepada para ulama untuk kembali berkontestasi dalam pemilihan presiden pada 2024.  @prabowo  dekade08  mendingprabowo  pilpres2024  terusmajubersamaprabowo,in,[],[],1508736166832799748,1508736166832799748,AnjaniSyakirah,Syakirah Anjani,3,09,https://twitter.com/AnjaniSyakirah/status/1608030387820953600,[],[],0,,False,0,0,0,,prabowo presiden,,,,,,,[],,,,
104,1608030303658049541,1608030303658049541,1672219274000.0,2022-12-28 09:21:14,+0000,,Ketua Fraksi Gerindra DPR RI ini menyampaikan kedatangan Prabowo tak lain untuk meminta restu kepada para ulama untuk kembali berkontestasi dalam pemilihan presiden pada 2024.  @prabowo  dekade08  mendingprabowo  pilpres2024  terusmajubersamaprabowo,in,[],[],1523448236249612288,1523448236249612288,AmrilNaufal,Naufal,3,09,https://twitter.com/AmrilNaufal/status/1608030303658049541,[],[],0,,False,0,0,0,,prabowo presiden,,,,,,,[],,,,
105,1608030296141877253,1608030296141877253,1672219273000.0,2022-12-28 09:21:13,+0000,,Ketua Fraksi Gerindra DPR RI ini menyampaikan kedatangan Prabowo tak lain untuk meminta restu kepada para ulama untuk kembali berkontestasi dalam pemilihan presiden pada 2024.  @prabowo  dekade08  mendingprabowo  pilpres2024  terusmajubersamaprabowo,in,[],[],1508726511033266176,1508726511033266176,saidah_leli,Leli Saidah,3,09,https://twitter.com/saidah_leli/status/1608030296141877253,[],[],0,,False,0,0,0,,prabowo presiden,,,,,,,[],,,,
106,1608030286755016705,1608030286755016705,1672219270000.0,2022-12-28 09:21:10,+0000,,Ketua Fraksi Gerindra DPR RI ini menyampaikan kedatangan Prabowo tak lain untuk meminta restu kepada para ulama untuk kembali berkontestasi dalam pemilihan presiden pada 2024.  @prabowo  dekade08  mendingprabowo  pilpres2024  terusmajubersamaprabowo,in,[],[],1509824504725270534,1509824504725270534,sieradwla_,Siera Dewala,3,09,https://twitter.com/sieradwla_/status/1608030286755016705,[],[],0,,False,0,0,0,,prabowo presiden,,,,,,,[],,,,
107,1608030093242437632,1608030093242437632,1672219224000.0,2022-12-28 09:20:24,+0000,,Gak cocok kalau Yohanes A Baswedan jadi presiden. Yang cocok itu Pranowo atau Prabowo.,in,[],[],2876788926,2876788926,aguskuswanto151,The Champ,3,09,https://twitter.com/aguskuswanto151/status/1608030093242437632,[],[],0,,False,2,0,0,https://twitter.com/sjahtie/status/1607998111930257410,prabowo presiden,,,,,,,[],,,,
108,1608030062305214464,1608029981309034498,1672219217000.0,2022-12-28 09:20:17,+0000,,"Dukungan masyarakat kepada Prabowo Subianto untuk maju dalam Pemilihan Presiden (Pilpres) 2024 mendatang masih terus tumbuh. Rabu, (28/12/2022).  Salah satu Warga yang tinggal di Kecamatan Sinjai Timur, Kabupaten Sinjai, Provinsi Sulawesi Selatan, Hamka mengaku tetap setia.",in,[],[],1091866339344404480,1091866339344404480,Suarajelata1,Suara Jelata,3,09,https://twitter.com/Suarajelata1/status/1608030062305214464,[],[],0,,False,0,0,0,,prabowo presiden,,,,,,,[],,,,
109,1608030011029880832,1608030011029880832,1672219205000.0,2022-12-28 09:20:05,+0000,,Ketua Fraksi Gerindra DPR RI ini menyampaikan kedatangan Prabowo tak lain untuk meminta restu kepada para ulama untuk kembali berkontestasi dalam pemilihan presiden pada 2024.  @prabowo  dekade08  mendingprabowo  pilpres2024  terusmajubersamaprabowo,in,[],[],1508713607957155841,1508713607957155841,YeniSur42_,Yeni Suryani,3,09,https://twitter.com/YeniSur42_/status/1608030011029880832,[],[],0,,False,0,0,0,,prabowo presiden,,,,,,,[],,,,
110,1608029922098053122,1608029922098053122,1672219183000.0,2022-12-28 09:19:43,+0000,,Ketua Fraksi Gerindra DPR RI ini menyampaikan kedatangan Prabowo tak lain untuk meminta restu kepada para ulama untuk kembali berkontestasi dalam pemilihan presiden pada 2024.  @prabowo  dekade08  mendingprabowo  pilpres2024  terusmajubersamaprabowo,in,[],[],1508692009112174593,1508692009112174593,DewiPer3_,Dewi Pertiwi,3,09,https://twitter.com/DewiPer3_/status/1608029922098053122,[],[],0,,False,0,0,0,,prabowo presiden,,,,,,,[],,,,
111,1608029867630821376,1608029867630821376,1672219170000.0,2022-12-28 09:19:30,+0000,,Ketua Fraksi Gerindra DPR RI ini menyampaikan kedatangan Prabowo tak lain untuk meminta restu kepada para ulama untuk kembali berkontestasi dalam pemilihan presiden pada 2024.  @prabowo  dekade08  mendingprabowo  pilpres2024  terusmajubersamaprabowo,in,[],[],1508675362561339394,1508675362561339394,IndraPe6_,Indra Permata,3,09,https://twitter.com/IndraPe6_/status/1608029867630821376,[],[],0,,False,0,0,0,,prabowo presiden,,,,,,,[],,,,
112,1608029812488306691,1608029812488306691,1672219157000.0,2022-12-28 09:19:17,+0000,,Ketua Fraksi Gerindra DPR RI ini menyampaikan kedatangan Prabowo tak lain untuk meminta restu kepada para ulama untuk kembali berkontestasi dalam pemilihan presiden pada 2024.  @prabowo  dekade08  mendingprabowo  pilpres2024  terusmajubersamaprabowo,in,[],[],1508741335364534276,1508741335364534276,zaidanhsn_,Zaidan Husein,3,09,https://twitter.com/zaidanhsn_/status/1608029812488306691,[],[],0,,False,0,0,0,,prabowo presiden,,,,,,,[],,,,
113,1608029772067790849,1608029772067790849,1672219148000.0,2022-12-28 09:19:08,+0000,,Ketua Fraksi Gerindra DPR RI ini menyampaikan kedatangan Prabowo tak lain untuk meminta restu kepada para ulama untuk kembali berkontestasi dalam pemilihan presiden pada 2024.  @prabowo  dekade08  mendingprabowo  pilpres2024  terusmajubersamaprabowo,in,[],[],1509020071989231622,1509020071989231622,AthayaP_,Athaya Putra,3,09,https://twitter.com/AthayaP_/status/1608029772067790849,[],[],0,,False,0,0,0,,prabowo presiden,,,,,,,[],,,,
114,1608029670519312384,1608029670519312384,1672219123000.0,2022-12-28 09:18:43,+0000,,Ketua Fraksi Gerindra DPR RI ini menyampaikan kedatangan Prabowo tak lain untuk meminta restu kepada para ulama untuk kembali berkontestasi dalam pemilihan presiden pada 2024.  @prabowo  dekade08  mendingprabowo  pilpres2024  terusmajubersamaprabowo,in,[],[],1547130401864708096,1547130401864708096,NaradaOlivia,Olivia Narada,3,09,https://twitter.com/NaradaOlivia/status/1608029670519312384,[],[],0,,False,0,0,0,,prabowo presiden,,,,,,,[],,,,
115,1608018215783006217,1608018215783006217,1672216392000.0,2022-12-28 08:33:12,+0000,,#prabowo #prabowosubianto #prabowopresiden #prabowopresiden2024 #prabowopersatuanindonesia  https://t.co/2T41cqDUPK,qme,"['prabowo', 'prabowosubianto', 'prabowopresiden', 'prabowopresiden2024', 'prabowopersatuanindonesia']",[],1606889236795645954,1606889236795645954,aa_rijal3,Semangat_muda,3,08,https://twitter.com/aa_rijal3/status/1608018215783006217,[],[],1,https://pbs.twimg.com/ext_tw_video_thumb/1608018172325789696/pu/img/IqufEUH-djJjct9M.jpg,False,1,0,0,,prabowo presiden,,,,,,,[],,,,
116,1608004736049123330,1608004736049123330,1672213179000.0,2022-12-28 07:39:39,+0000,,Musyawarah Rakyat XI relawan Jokowi di Lampung tetapikan Prabowo sebagai calon presiden pilihan rakyatðð»  #prabowo #lampung #jokowi #fyp #mendingprabowo #terusmajubersamaprabowo #dekade08 #musralampung #musra  https://t.co/2X4uPQ0gII,in,"['prabowo', 'lampung', 'jokowi', 'fyp', 'mendingprabowo', 'terusmajubersamaprabowo', 'dekade08', 'musralampung', 'musra']",[],1576913175227748352,1576913175227748352,dekade_08,DEKADE 08,3,07,https://twitter.com/dekade_08/status/1608004736049123330,[],[],1,https://pbs.twimg.com/ext_tw_video_thumb/1608004643824734211/pu/img/vFRa_Qsy--AsRZFq.jpg,False,0,0,0,,prabowo presiden,,,,,,,[],,,,
117,1608003770063155200,1608003770063155200,1672212948000.0,2022-12-28 07:35:48,+0000,,Presiden Joko Widodo sempat memanggil Kapolri Jenderal Listyo Sigit Prabowo setelah acara pelantikan Kepala Staf Angkatan Laut (KSAL) Laksamana Muhammad Ali. #KSAL #PresidenJokoWidodo #MyCity  https://t.co/ucWd1hVz2s,in,"['ksal', 'presidenjokowidodo', 'mycity']",[],1365599502510395396,1365599502510395396,Mycity_co_id,MyCity News,3,07,https://twitter.com/Mycity_co_id/status/1608003770063155200,['https://mycity.co.id/jokowi-panggil-panglima-tni-kepala-staf-dan-kapolri-ke-ruangan-di-istana-usai-lantik-ksal/'],[],0,,False,2,0,0,,prabowo presiden,,,,,,,[],,,,
118,1608003439283568643,1607640135000281089,1672212869000.0,2022-12-28 07:34:29,+0000,,@musniumar Prabowo presiden,in,[],[],1300842895256084480,1300842895256084480,KReformasi20,PN KMP REFORSI,3,07,https://twitter.com/KReformasi20/status/1608003439283568643,[],[],0,,False,0,0,0,,prabowo presiden,,,,,,,"[{'screen_name': 'musniumar', 'name': 'Musni Umar', 'id': '114697372'}]",,,,
119,1608001380245180418,1607880768021483520,1672212378000.0,2022-12-28 07:26:18,+0000,,"@HelmiFelis_ Pinter ngmng mau jdi presiden klu rakyat susah pasti dia pinter ngmng2 pinter ngeles klu rakyat susah, tp sya yakin Prabowo presiden 2024",in,[],[],1597393448633393153,1597393448633393153,YanuarIllahi,Yanuar Rizki illahi,3,07,https://twitter.com/YanuarIllahi/status/1608001380245180418,[],[],0,,False,0,0,0,,prabowo presiden,,,,,,,"[{'screen_name': 'HelmiFelis_', 'name': 'Helmi Felis', 'id': '3177957847'}]",,,,
120,1607996505201467395,1607996489862873089,1672211216000.0,2022-12-28 07:06:56,+0000,,Pelantikan tersebut dilaksanakan tetap mengikuti protokol kesehatan secara ketat Turut mendampingi Presiden dalam pelantikan tersebut Wakil Presiden Maâruf Amin. Sedangkan hadir sebagai saksi yaitu Panglima TNI Laksamana Yudo Margono dan Kapolri Jenderal Listyo Sigit Prabowo.  https://t.co/jVgsj0fBYF,in,[],[],1590606875854192640,1590606875854192640,73_N0ng,â¦ï¸ N0ngð,3,07,https://twitter.com/73_N0ng/status/1607996505201467395,[],"['https://pbs.twimg.com/media/FlDASnKaUAE31Qv.jpg', 'https://pbs.twimg.com/media/FlDASz0acAAKArg.jpg', 'https://pbs.twimg.com/media/FlDAS_uacAEY79y.jpg', 'https://pbs.twimg.com/media/FlDATMLagAA6XLt.jpg']",1,https://pbs.twimg.com/media/FlDASnKaUAE31Qv.jpg,False,1,1,0,,prabowo presiden,,,,,,,[],,,,
121,1607994586500337664,1607914591228686336,1672210759000.0,2022-12-28 06:59:19,+0000,,"@_Rizmaya__ Klo menteri dari @NasDem diganti maka karakter jkw ini absurd krn nasdem adl partai yg terdepan perjuangkan dia jd presiden. Sdgkan lawan dia di pilpres malah dijadikan menteri. Kalau krn nasdem usung anies, golkar jg usung airlangga, gerindra usung prabowo dan psi usung ganjar?",in,[],[],1603593980473913344,1603593980473913344,ChoiMasMh,Choirul Mas,3,06,https://twitter.com/ChoiMasMh/status/1607994586500337664,[],[],0,,False,1,0,0,,prabowo presiden,,,,,,,"[{'screen_name': '_Rizmaya__', 'name': 'Rizmaya', 'id': '382522068'}]",,,,
122,1607994249244737536,1607994249244737536,1672210678000.0,2022-12-28 06:57:58,+0000,,"Mari putra putri terbaik bangsa, segera daftarkan diri anda sebagai Bakal Calon Anggota DPRD Kabupaten Lamongan Fraksi Partai Gerindra  DPC PARTAI GERINDRA KABUPATEN LAMONGAN  #gerindra #prabowo #gerindramenang #prabowopresiden #gerindralamongan #lamonganmegilan #politisisantri  https://t.co/QbbwRhelJR",in,"['gerindra', 'prabowo', 'gerindramenang', 'prabowopresiden', 'gerindralamongan', 'lamonganmegilan', 'politisisantri']",[],1545050750513950720,1545050750513950720,gerindra_la,Gerindra Lamongan,3,06,https://twitter.com/gerindra_la/status/1607994249244737536,[],['https://pbs.twimg.com/media/FlC-P2jakAIh2lt.jpg'],1,https://pbs.twimg.com/media/FlC-P2jakAIh2lt.jpg,False,2,0,0,,prabowo presiden,,,,,,,[],,,,
123,1607992964843995136,1599744337201737728,1672210372000.0,2022-12-28 06:52:52,+0000,,"@Gerindra Seorang Pendekar tidak pernah menyerah, seorang Pendekar harus memiliki jiwa besar. Itu semua ada di Prabowo Subianto. Presiden RI 2024",in,[],[],1597559942025990146,1597559942025990146,bams_wb,Bamswb114,3,06,https://twitter.com/bams_wb/status/1607992964843995136,[],[],0,,False,0,0,0,,prabowo presiden,,,,,,,"[{'screen_name': 'Gerindra', 'name': 'Partai Gerindra', 'id': '397673651'}]",,,,
124,1607990585146871808,1607990585146871808,1672209805000.0,2022-12-28 06:43:25,+0000,,Sudah seharusnya Prabowo dan Gerindra itu introspeksi mengenai strategi mereka. Selama ini Gerindra seolah-olah menjadikan Prabowo capres hanya untuk menaikkan jumlah kursi di DPR saja. Tidak ada upaya yg serius dan sungguh-sungguh untuk menjadikan beliau lolos jadi presiden.,in,[],[],1605197438406758400,1605197438406758400,SiLuksi3983,Luk Si,3,06,https://twitter.com/SiLuksi3983/status/1607990585146871808,[],[],0,,False,0,0,0,https://twitter.com/andre_rosiade/status/1607932994047574019,prabowo presiden,,,,,,,[],,,,
125,1607987827022893057,1607987827022893057,1672209147000.0,2022-12-28 06:32:27,+0000,,"Menariknya, moment Pak Prabowo salah sebut nama menjadi Cak Imin ini terjadi disela-sela Cak Nun berdoa agar Indonesia diberi pemimpin atau Presiden terbaik!   https://t.co/ZkmZ5yN8p3",in,[],[],1433662904071450624,1433662904071450624,rmp_officials,Relawan Cak Imin Garis Keras,3,06,https://twitter.com/rmp_officials/status/1607987827022893057,['https://www.suara.com/news/2022/12/28/103313/kala-prabowo-salah-sebut-nama-cak-nun-jadi-cak-imin-jemaah-maiyah-protes'],[],0,,False,5,1,2,,prabowo presiden,,,,,,,[],,,,
126,1607985198091882497,1607969417450905602,1672208520000.0,2022-12-28 06:22:00,+0000,,"@choymarkochoy @aniesbaswedan @ganjarpranowo @prabowo ðTENTUNYA ""Presiden yang ketinggalan kereta"" yg sukanya refresing ke ""Bendungan Semarang"" he..he..he.ð",in,[],[],1276694826675658754,1276694826675658754,Matahari_1912,ðDr.Sultan Matahari 1912,3,06,https://twitter.com/Matahari_1912/status/1607985198091882497,[],[],0,,False,1,1,0,,prabowo presiden,,,,,,,"[{'screen_name': 'choymarkochoy', 'name': 'Gus Choy Markochoy', 'id': '1444315955757080583'}, {'screen_name': 'aniesbaswedan', 'name': 'Anies Rasyid Baswedan', 'id': '110312278'}, {'screen_name': 'ganjarpranowo', 'name': 'Ganjar Pranowo', 'id': '109762193'}, {'screen_name': 'prabowo', 'name': 'Prabowo Subianto', 'id': '40580714'}]",,,,
127,1607982757866799104,1607982757866799104,1672207939000.0,2022-12-28 06:12:19,+0000,,@aniesbaswedan Dan apakah kau tahu bahwa pak ir soekarno masih hidup kata orang ini kuburannya hilang katanya lihat video ini jika pak prabowo jadi presiden maka pak ir soekarno datang jika engkau yang menang maka pak ir soekarno tidak datang  https://t.co/TBRb8AJSx8,in,[],[],1582626985943404547,1582626985943404547,awliya_rafie,Alozarz,3,06,https://twitter.com/awliya_rafie/status/1607982757866799104,['https://youtube.com/watch?v=1DVxAV8-qqg&feature=shares'],[],0,,False,0,0,0,,prabowo presiden,,,,,,,[],,,,
128,1607976269853097987,1607976269853097987,1672206392000.0,2022-12-28 05:46:32,+0000,,sosok ibu bagi pemimpin.. #prabowo #prabowopresiden2024  #prabowopersatuanindonesia #fyp #capres2024 #indonesia #presiden  https://t.co/xSpus9dG4i,in,"['prabowo', 'prabowopresiden2024', 'prabowopersatuanindonesia', 'fyp', 'capres2024', 'indonesia', 'presiden']",[],1607597608062849024,1607597608062849024,BisaHatti,Hatti Bisa,3,05,https://twitter.com/BisaHatti/status/1607976269853097987,[],[],1,https://pbs.twimg.com/ext_tw_video_thumb/1607976087786770435/pu/img/ERMIkfovEDi5AgVl.jpg,False,0,0,0,,prabowo presiden,,,,,,,[],,,,
129,1607972945129013250,1607959980011065344,1672205599000.0,2022-12-28 05:33:19,+0000,,"@FahmiAgustian @prabowo @Gerindra Saya suka mengamati komennya baik twitter maupun ig, rerata berisi doa supaya pak prabowo jadi presiden.  Hebat, beliau memang panutan banyak orang sepertinya.",in,[],[],983012196606029824,983012196606029824,gori_191,ary_rzp,3,05,https://twitter.com/gori_191/status/1607972945129013250,[],[],0,,False,0,1,0,,prabowo presiden,,,,,,,"[{'screen_name': 'FahmiAgustian', 'name': 'Fahmi', 'id': '31058944'}, {'screen_name': 'prabowo', 'name': 'Prabowo Subianto', 'id': '40580714'}, {'screen_name': 'Gerindra', 'name': 'Partai Gerindra', 'id': '397673651'}]",,,,
130,1607969417450905602,1607969417450905602,1672204758000.0,2022-12-28 05:19:18,+0000,,"Waduh calon presiden yg harus nonton itu siapa aja prof,,,?  Sementara inj kan ada @aniesbaswedan @ganjarpranowo dan @prabowo   Positif nya ini bisa dijadikan masukan untuk perbaikan ya para calon, jangan asal cukup tenar, tapi sama sekali kosong",in,[],[],1444315955757080583,1444315955757080583,choymarkochoy,Gus Choy Markochoy,3,05,https://twitter.com/choymarkochoy/status/1607969417450905602,[],[],0,,False,13,1,4,https://twitter.com/Matahari_1912/status/1607690906731450373,prabowo presiden,,,,,,,[],,,,
131,1607969125783199744,1607969125783199744,1672204688000.0,2022-12-28 05:18:08,+0000,,"Melanjutkan Pengabdian Kepada Bangsa dan Negara, Prabowo Memohon Restu Para Kiai dan Ulama' Jatim  ___  #gerindra #prabowo #gerindramenang #prabowopresiden #gerindralamongan #lamonganmegilan #politisisantri  https://t.co/CikJjjToeH",in,"['gerindra', 'prabowo', 'gerindramenang', 'prabowopresiden', 'gerindralamongan', 'lamonganmegilan', 'politisisantri']",[],1545050750513950720,1545050750513950720,gerindra_la,Gerindra Lamongan,3,05,https://twitter.com/gerindra_la/status/1607969125783199744,[],[],1,https://pbs.twimg.com/ext_tw_video_thumb/1607969023094054913/pu/img/-7eoqm4iA_Wt37GF.jpg,False,1,0,1,,prabowo presiden,,,,,,,[],,,,
132,1607968845792432131,1607968845792432131,1672204622000.0,2022-12-28 05:17:02,+0000,,"Yg paling Cocok Jadi Presiden Itu prabowo, Ya? Jokowi Jadi Apa dong? ~ jenderal08 presiden2014com",in,[],[],2720784768,2720784768,UchihaSasuke_RA,Uchiha Sasuke,3,05,https://twitter.com/UchihaSasuke_RA/status/1607968845792432131,[],[],0,,False,0,0,0,,prabowo presiden,,,,,,,[],,,,
133,1607968357596397568,1607968357596397568,1672204505000.0,2022-12-28 05:15:05,+0000,,Imposible is Nothing. Messi menang Piala Dunia 2022 setelah kalah di tahun tahun sebelumnya. Prabowo Presiden 2024.   #prabowo #messi #dekade08 #mendingprabowo #terusmajubersamaprabowo #pemilu2024  https://t.co/4Lsc9kdCyn,in,"['prabowo', 'messi', 'dekade08', 'mendingprabowo', 'terusmajubersamaprabowo', 'pemilu2024']",[],1576913175227748352,1576913175227748352,dekade_08,DEKADE 08,3,05,https://twitter.com/dekade_08/status/1607968357596397568,[],[],1,https://pbs.twimg.com/ext_tw_video_thumb/1607968181435650049/pu/img/mERpz3Ny2SVtxtfF.jpg,False,0,0,0,,prabowo presiden,,,,,,,[],,,,
134,1607967979387617287,1607878008672780288,1672204415000.0,2022-12-28 05:13:35,+0000,,@ocongBoyy2 @__RismaWidiono_ @ganjarpranowo Jaman Prabowo?kapan Prabowo jadi presiden!!!,in,[],[],921308322677997568,921308322677997568,Kayakuwek,ð´Wong Ngapak ð®ð©,3,05,https://twitter.com/Kayakuwek/status/1607967979387617287,[],[],0,,False,0,0,0,,prabowo presiden,,,,,,,"[{'screen_name': 'ocongBoyy2', 'name': 'ocongBoyy2\uf8ff', 'id': '1604693475924279296'}, {'screen_name': '__RismaWidiono_', 'name': 'Risma Widiono', 'id': '940486643546386432'}, {'screen_name': 'ganjarpranowo', 'name': 'Ganjar Pranowo', 'id': '109762193'}]",,,,
135,1607962687207772161,1607962687207772161,1672203153000.0,2022-12-28 04:52:33,+0000,,Saat Prabowo Subianto Bela Presiden Jokowi di Acara Cak Nun Terkait Stunting #PrabowoSubianto #PresidenJokowi  https://t.co/HzThGCiaNM,in,"['prabowosubianto', 'presidenjokowi']",[],502140136,502140136,garudatvnews,Garuda TV,3,04,https://twitter.com/garudatvnews/status/1607962687207772161,[],[],1,https://pbs.twimg.com/ext_tw_video_thumb/1607962230905262080/pu/img/ebgNFwdw_PJZ8Lu2.jpg,False,0,0,1,,prabowo presiden,,,,,,,[],,,,
136,1607960845350469632,1607960845350469632,1672202714000.0,2022-12-28 04:45:14,+0000,,"mau merusakpersahabat mereka?, jangan harap ya... #prabowo #prabowopresiden2024  #prabowopersatuanindonesia #fyp #capres2024 #indonesia #presiden  https://t.co/asD6UmB8em",in,"['prabowo', 'prabowopresiden2024', 'prabowopersatuanindonesia', 'fyp', 'capres2024', 'indonesia', 'presiden']",[],1607597608062849024,1607597608062849024,BisaHatti,Hatti Bisa,3,04,https://twitter.com/BisaHatti/status/1607960845350469632,[],[],1,https://pbs.twimg.com/ext_tw_video_thumb/1607960563094806528/pu/img/wUdaNRwE94zTeoEz.jpg,False,0,0,0,,prabowo presiden,,,,,,,[],,,,
137,1607958274204368896,1607958274204368896,1672202101000.0,2022-12-28 04:35:01,+0000,,comel sekali kucing nya bapak menhan... #prabowo #prabowopresiden2024  #prabowopersatuanindonesia #fyp #capres2024 #indonesia #presiden  https://t.co/edJQ9DQBtF,in,"['prabowo', 'prabowopresiden2024', 'prabowopersatuanindonesia', 'fyp', 'capres2024', 'indonesia', 'presiden']",[],1607597608062849024,1607597608062849024,BisaHatti,Hatti Bisa,3,04,https://twitter.com/BisaHatti/status/1607958274204368896,[],[],1,https://pbs.twimg.com/ext_tw_video_thumb/1607958073951555585/pu/img/P_FM_wAzdUIg6u4h.jpg,False,0,0,0,,prabowo presiden,,,,,,,[],,,,
138,1607956153945948160,1607956153945948160,1672201596000.0,2022-12-28 04:26:36,+0000,,"Pengahargaan yang di berikan untuk prabowo, tapi hebatnya beliau masih rendah hati dan merasa tidak pantas.. #prabowo #prabowopresiden2024  #prabowopersatuanindonesia #fyp #capres2024 #indonesia #presiden  https://t.co/MvAxvYbyCm",in,"['prabowo', 'prabowopresiden2024', 'prabowopersatuanindonesia', 'fyp', 'capres2024', 'indonesia', 'presiden']",[],1604662062793502720,1604662062793502720,siskanayla222,Gilang Dirga,3,04,https://twitter.com/siskanayla222/status/1607956153945948160,[],[],1,https://pbs.twimg.com/ext_tw_video_thumb/1607956043598016514/pu/img/vk2ygVs4nX2kNqKb.jpg,False,0,0,0,,prabowo presiden,,,,,,,[],,,,
139,1607954696379170818,1607954696379170818,1672201248000.0,2022-12-28 04:20:48,+0000,,Polling..  SIAPAKAH YANG PALING PANTAS MENJADI PRESIDEN RI PERIODE 2024 - 2029  - Anies Rasyid Baswedan - 86.4% - Prabowo Subianto - 4.9% - Ganjar Pranowo - 4.7% - Ridwan Kamil - 1.7% - Airlangga Hartarto - 0.9% - Erick Thohir - 0.7% - Sandiaga Uno - 0.7%  https://t.co/Lf8iPSfKE6,in,[],[],2359120716,2359120716,AcehSelatanSatu,#ElSang #AcehSelatan,3,04,https://twitter.com/AcehSelatanSatu/status/1607954696379170818,['https://pollingkita.com/polling267701-polling-siapakah-yang-paling-pantas-menjadi-presiden-ri-periode-2024-2029'],[],0,,False,2,0,2,,prabowo presiden,,,,,,,[],,,,
140,1607953591914098689,1607953591914098689,1672200985000.0,2022-12-28 04:16:25,+0000,,"""Semoga Allah SWT meridhoi perjuangan Bang Harrifar dan Pak Prabowo bisa dimudahkan Allah SWT menjadi Presiden 2024 nanti. Amin,"" ucap Suhaidi.  @prabowo  dekade08  mendingprabowo  pilpres2024  terusmajubersamaprabowo",in,[],[],1476117860816605190,1476117860816605190,BillaNindy,Billa Nindy,3,04,https://twitter.com/BillaNindy/status/1607953591914098689,[],[],0,,False,0,0,0,,prabowo presiden,,,,,,,[],,,,
141,1607952569611194368,1607952569611194368,1672200741000.0,2022-12-28 04:12:21,+0000,,"Refly Harun menilai, rezim yang tengah berkuasa waswas apabila Anies yang menjadi Presiden 2024.  Kalau Ganjar, rezim sekarang merasa aman. Kalau Prabowo, rezim sekarang bisa 'cincailah'.   https://t.co/03MvbpB1Ym",in,[],[],1320891038014214145,1320891038014214145,NewsJerami,Jerami News,3,04,https://twitter.com/NewsJerami/status/1607952569611194368,['https://www.jerami.id/2022/12/28/refly-harun-rezim-waswas-kalau-anies-jadi-presiden-2024/'],[],0,,False,0,0,0,,prabowo presiden,,,,,,,[],,,,
142,1607950939629158401,1607950939629158401,1672200352000.0,2022-12-28 04:05:52,+0000,,Sosialisasi Dan Konsolidasi PPIR Serta Silaturahmi Dengan DPC Gerindra Kota Bandung ð¥  #ppir #ppirjabar #prabowo #prabowosubianto #gerindra #menhan #gerindramenang #prabowopresiden #indonesiajaya #gempacianjur #viralindonesia #bandung   https://t.co/GGOGOQcciU,in,"['ppir', 'ppirjabar', 'prabowo', 'prabowosubianto', 'gerindra', 'menhan', 'gerindramenang', 'prabowopresiden', 'indonesiajaya', 'gempacianjur', 'viralindonesia', 'bandung']",[],1590960671532847104,1590960671532847104,ppirjabar,PPIR KORWIL JAWA BARAT,3,04,https://twitter.com/ppirjabar/status/1607950939629158401,['https://www.instagram.com/p/Cmsiz18ylL6/?igshid=MDJmNzVkMjY='],[],0,,False,1,0,1,,prabowo presiden,,,,,,,[],,,,
143,1607950584635854849,1607950584635854849,1672200268000.0,2022-12-28 04:04:28,+0000,,"PRABOWO PRESIDEN, GERINDRA MENANG ð²ð¨ð²ð¨ð¥ð¥  https://t.co/hKsi73YZm3",in,[],[],1590960671532847104,1590960671532847104,ppirjabar,PPIR KORWIL JAWA BARAT,3,04,https://twitter.com/ppirjabar/status/1607950584635854849,['https://www.instagram.com/reel/CmsmaKXqnXT/?igshid=MDJmNzVkMjY='],[],0,,False,1,0,1,,prabowo presiden,,,,,,,[],,,,
144,1607949939480629250,1607949939480629250,1672200114000.0,2022-12-28 04:01:54,+0000,,"""Karena itu, di dalam salah satu poin kerja sama calon presiden dan calon wakil presiden dari koalisi Gerindra dan PKB ditentukan oleh Pak Prabowo dan Pak Muhaimin,"" kata Muzani.  @prabowo  dekade08  mendingprabowo  pilpres2024  terusmajubersamaprabowo",in,[],[],1476117860816605190,1476117860816605190,BillaNindy,Billa Nindy,3,04,https://twitter.com/BillaNindy/status/1607949939480629250,[],[],0,,False,0,0,0,,prabowo presiden,,,,,,,[],,,,
145,1607949187257364480,1607949187257364480,1672199935000.0,2022-12-28 03:58:55,+0000,,Ketua Fraksi Gerindra DPR RI ini menyampaikan kedatangan Prabowo tak lain untuk meminta restu kepada para ulama untuk kembali berkontestasi dalam pemilihan presiden pada 2024.  @prabowo  dekade08  mendingprabowo  pilpres2024  terusmajubersamaprabowo,in,[],[],1476117860816605190,1476117860816605190,BillaNindy,Billa Nindy,3,03,https://twitter.com/BillaNindy/status/1607949187257364480,[],[],0,,False,0,0,0,,prabowo presiden,,,,,,,[],,,,
146,1607948088739758081,1607592105559441408,1672199673000.0,2022-12-28 03:54:33,+0000,,@democrazymedia Prabowo presiden... wkwkwkwk negeri wakakakakaland,in,[],[],1078223267939332096,1078223267939332096,rifelsgod,Tan kalimantan...,3,03,https://twitter.com/rifelsgod/status/1607948088739758081,[],[],0,,False,0,0,0,,prabowo presiden,,,,,,,"[{'screen_name': 'democrazymedia', 'name': 'Democrazy News', 'id': '1243804423001763841'}]",,,,
147,1607946963475107840,1607946963475107840,1672199404000.0,2022-12-28 03:50:04,+0000,,#BeritaJatim  Relawan Sedulur Ponorogo Siap Menangkan Prabowo di 2024: Sudah Waktunya Presiden @prabowo  #relawansedulurprabowo #prabowosubianto  https://t.co/FcdPsnBebP,in,"['beritajatim', 'relawansedulurprabowo', 'prabowosubianto']",[],79130206,79130206,jpnncom,JPNN.com,3,03,https://twitter.com/jpnncom/status/1607946963475107840,['https://jatim.jpnn.com/politik/20231/relawan-sedulur-ponorogo-siap-menangkan-prabowo-di-2024-sudah-waktunya-presiden'],[],0,,False,1,0,0,,prabowo presiden,,,,,,,[],,,,
148,1607944008957034496,1607944008957034496,1672198700000.0,2022-12-28 03:38:20,+0000,,sangat bijaksana sekali bapak menhan...  #prabowo #prabowopresiden2024  #prabowopersatuanindonesia #fyp #capres2024 #indonesia #presiden  https://t.co/wZpt3h45Vw,in,"['prabowo', 'prabowopresiden2024', 'prabowopersatuanindonesia', 'fyp', 'capres2024', 'indonesia', 'presiden']",[],1607597608062849024,1607597608062849024,BisaHatti,Hatti Bisa,3,03,https://twitter.com/BisaHatti/status/1607944008957034496,[],[],1,https://pbs.twimg.com/ext_tw_video_thumb/1607943706279317504/pu/img/m0YWlj3AoxWmGHs8.jpg,False,0,0,0,,prabowo presiden,,,,,,,[],,,,
149,1607942578590339074,1607942578590339074,1672198359000.0,2022-12-28 03:32:39,+0000,,"Pak Prabowo tidak suka dengan teriakan ""Prabowo Presiden"". Krn itu beliau bilang SSSTTT.. (24/12/22)  https://t.co/4vXeGE4Pu2  #2024PrabowoPresiden  #PrabowoPresiden2024  https://t.co/4RaB0ytD1n",in,"['2024prabowopresiden', 'prabowopresiden2024']",[],1599025180021444609,1599025180021444609,AbdulKholik2024,Abdul Kholik,3,03,https://twitter.com/AbdulKholik2024/status/1607942578590339074,['https://m.facebook.com/story.php?story_fbid=159997246747103&id=100082104860414&mibextid=Nif5oz'],[],1,https://pbs.twimg.com/ext_tw_video_thumb/1607942499766800384/pu/img/QANtZK8fGhgDjQWr.jpg,False,0,0,0,,prabowo presiden,,,,,,,[],,,,
150,1607941923842715661,1607941923842715661,1672198203000.0,2022-12-28 03:30:03,+0000,,Relawan Sedulur Ponorogo Siap Menangkan Prabowo di 2024: Sudah Waktunya Presiden #relawanseduluranprabowo  https://t.co/FcdPsnBebP,in,['relawanseduluranprabowo'],[],79130206,79130206,jpnncom,JPNN.com,3,03,https://twitter.com/jpnncom/status/1607941923842715661,['https://jatim.jpnn.com/politik/20231/relawan-sedulur-ponorogo-siap-menangkan-prabowo-di-2024-sudah-waktunya-presiden'],[],0,,False,0,0,0,,prabowo presiden,,,,,,,[],,,,
151,1607939577238654978,1607588957193375746,1672197643000.0,2022-12-28 03:20:43,+0000,,"@petruspasaribuu @aniesbaswedan @prabowo @Gerindra Penipu seperti Yohannes Baswedan kalo sampe jadi presiden , bubar negara ini",in,[],[],1596160754205401089,1596160754205401089,MamanSu30264482,Maman Surahman,3,03,https://twitter.com/MamanSu30264482/status/1607939577238654978,[],[],0,,False,1,0,0,,prabowo presiden,,,,,,,"[{'screen_name': 'petruspasaribuu', 'name': 'Petrus Hot Raja Pasaribu', 'id': '1301846773976104961'}, {'screen_name': 'aniesbaswedan', 'name': 'Anies Rasyid Baswedan', 'id': '110312278'}, {'screen_name': 'prabowo', 'name': 'Prabowo Subianto', 'id': '40580714'}, {'screen_name': 'Gerindra', 'name': 'Partai Gerindra', 'id': '397673651'}]",,,,
152,1607938986127028224,1607938289272762368,1672197503000.0,2022-12-28 03:18:23,+0000,,@Ahmad_Fikri_T ato ga prabowo presiden wakil jokowi,in,[],[],1147457488138067969,1147457488138067969,ucuup0,topil,3,03,https://twitter.com/ucuup0/status/1607938986127028224,[],[],0,,False,1,1,0,,prabowo presiden,,,,,,,"[{'screen_name': 'Ahmad_Fikri_T', 'name': 'Captain', 'id': '1540857115'}]",,,,
153,1607936256725635076,1607936256725635076,1672196852000.0,2022-12-28 03:07:32,+0000,,Jangan lupa ngopi di pagi hari yaaa... #prabowo #prabowopresiden2024  #prabowopersatuanindonesia #fypã·ã #capres2024 #indonesia #presiden  https://t.co/DR8G3OOm2a,in,"['prabowo', 'prabowopresiden2024', 'prabowopersatuanindonesia', 'fypã·ã', 'capres2024', 'indonesia', 'presiden']",[],1607597608062849024,1607597608062849024,BisaHatti,Hatti Bisa,3,03,https://twitter.com/BisaHatti/status/1607936256725635076,[],[],1,https://pbs.twimg.com/ext_tw_video_thumb/1607936156016205825/pu/img/cf6AqwOtQnMuOzLr.jpg,False,0,0,0,,prabowo presiden,,,,,,,[],,,,
154,1607934497500106752,1607934497500106752,1672196432000.0,2022-12-28 03:00:32,+0000,,"Ganjarist, mendeklarasikan dukungannya pada Gubernur Jawa Tengah, Ganjar Prabowo untuk maju sebagai calon Presiden pada Pemilu 2024.  Ganjarist Optimis ââ  https://t.co/IiJ0G1TTh5",in,[],[],1353201090401947653,1353201090401947653,NicoSihahihi,Nico Sihahihi,3,03,https://twitter.com/NicoSihahihi/status/1607934497500106752,[],['https://pbs.twimg.com/media/FlB0fYSakAAnITc.jpg'],1,https://pbs.twimg.com/media/FlB0fYSakAAnITc.jpg,False,1,0,1,,prabowo presiden,,,,,,,[],,,,
155,1607934425777704963,1607934425777704963,1672196415000.0,2022-12-28 03:00:15,+0000,,Masukan semisal kalo ada serangan pajar ya dari pak menhan..... hehehee #prabowo #prabowopresiden2024  #prabowopersatuanindonesia #fyp #capres2024 #indonesia #presiden  https://t.co/5Rg3DlZ3eW,in,"['prabowo', 'prabowopresiden2024', 'prabowopersatuanindonesia', 'fyp', 'capres2024', 'indonesia', 'presiden']",[],1604662062793502720,1604662062793502720,siskanayla222,Gilang Dirga,3,03,https://twitter.com/siskanayla222/status/1607934425777704963,[],['https://pbs.twimg.com/media/FlCH1sCacAMiTnD.jpg'],1,https://pbs.twimg.com/media/FlCH1sCacAMiTnD.jpg,False,0,0,0,,prabowo presiden,,,,,,,[],,,,
156,1607929962438459393,1607929962438459393,1672195351000.0,2022-12-28 02:42:31,+0000,,Masukan di pagi hari dari pak prabowo nii...... #prabowo #prabowopresiden2024  #prabowopersatuanindonesia #fyp #capres2024 #indonesia #presiden #viralindo #katakatabijak  https://t.co/feLowVxBuh,in,"['prabowo', 'prabowopresiden2024', 'prabowopersatuanindonesia', 'fyp', 'capres2024', 'indonesia', 'presiden', 'viralindo', 'katakatabijak']",[],1607586052759511040,1607586052759511040,satuhatti,Satuhatti,3,02,https://twitter.com/satuhatti/status/1607929962438459393,[],['https://pbs.twimg.com/media/FlCDx3UakAAS2ub.jpg'],1,https://pbs.twimg.com/media/FlCDx3UakAAS2ub.jpg,False,1,0,0,,prabowo presiden,,,,,,,[],,,,
157,1607929792216858624,1607906902469652480,1672195311000.0,2022-12-28 02:41:51,+0000,,"@putri_Aalona Ngelesnya gmpg,,,itu waktu itu emg pk prabowo jls nyalo presiden,,,klo skrg yg jelas nyalon saya.."" kata AB",in,[],[],1554266185256304640,1554266185256304640,NugrohoBoas,Boas Nugroho,3,02,https://twitter.com/NugrohoBoas/status/1607929792216858624,[],[],0,,False,0,2,0,,prabowo presiden,,,,,,,"[{'screen_name': 'putri_Aalona', 'name': 'ð®ð© Queen ð®ð©', 'id': '1469280329093373956'}]",,,,
158,1607915051939434496,1607556906956251137,1672191796000.0,2022-12-28 01:43:16,+0000,,"@prabowo Saya mimpi salaman dengan njenengan untuk jadi presiden pak, membawa Indonesia kepada era ke-emasan. Semoga terjadi.",in,[],[],2272222064,2272222064,Nipre2,ð ShÌ¶iÌ¶tÌ¶TÌ¶oÌ¶mÌ¶'Ì¶sÌ¶pÌ¶uÌ¶lÌ¶lÌ¶ ð,3,01,https://twitter.com/Nipre2/status/1607915051939434496,[],[],0,,False,0,0,0,,prabowo presiden,,,,,,,"[{'screen_name': 'prabowo', 'name': 'Prabowo Subianto', 'id': '40580714'}]",,,,
159,1607911897487265792,1607377346742587393,1672191044000.0,2022-12-28 01:30:44,+0000,,@virgandhi Insya Allah 2024 Prabowo presiden ke-8 RI.  https://t.co/LOTrOOeRwq,in,[],[],1603498565548277760,1603498565548277760,Kenikir27,Kenikir,3,01,https://twitter.com/Kenikir27/status/1607911897487265792,[],['https://pbs.twimg.com/tweet_video_thumb/FlBzWA9akAIfB73.jpg'],1,https://pbs.twimg.com/tweet_video_thumb/FlBzWA9akAIfB73.jpg,False,0,0,0,,prabowo presiden,,,,,,,"[{'screen_name': 'virgandhi', 'name': '#INFOMASBREW', 'id': '79178176'}]",,,,
160,1607908022705336320,1607908022705336320,1672190120000.0,2022-12-28 01:15:20,+0000,,"Ramalan Presiden RI 2024, Arief Poyuono: Hanya Airlangga, Prabowo dan Puan Penerima Wahyu Makuturomo  https://t.co/grqTtmAQM6",in,[],[],1456949178421100548,1456949178421100548,news_wanheart,Wanheart News,3,01,https://twitter.com/news_wanheart/status/1607908022705336320,['https://lebsi.wanheartnews.com/2022/12/ramalan-presiden-ri-2024-arief-poyuono.html'],[],0,,False,0,0,0,,prabowo presiden,,,,,,,[],,,,
161,1607892172229185537,1607572012721115139,1672186341000.0,2022-12-28 00:12:21,+0000,,"@bumnbersatu Naluri manuver politik Pak Prabowo ini tinggi dan fleksibel. Pada 2019 bisa bersama pihak pks, hti, wahabi dll, menuju 2024 mulai merapat ke Nahdliyin. Tinggal klo jadi Presiden beneran, ring 1 beliau segera sadar dan tidak aji mumpung memanfaatkan kesuksesan beliau untuk hal -",in,[],[],605092144,605092144,MasifMedia,Masif Media,3,00,https://twitter.com/MasifMedia/status/1607892172229185537,[],[],0,,False,0,2,0,,prabowo presiden,,,,,,,"[{'screen_name': 'bumnbersatu', 'name': 'Arief Poyuono', 'id': '191951600'}]",,,,
162,1607892124791635969,1607588957193375746,1672186330000.0,2022-12-28 00:12:10,+0000,,"@petruspasaribuu @aniesbaswedan @prabowo @Gerindra Belum jadi presiden saja sudah bisa mengkhianati temanya sendiri,gimana jadi presiden mungkin nanti mengkhianati bangsa Indonesia",in,[],[],805271974230441984,805271974230441984,dani_prakosa86,Dani Prakosa,3,00,https://twitter.com/dani_prakosa86/status/1607892124791635969,[],[],0,,False,1,0,0,,prabowo presiden,,,,,,,"[{'screen_name': 'petruspasaribuu', 'name': 'Petrus Hot Raja Pasaribu', 'id': '1301846773976104961'}, {'screen_name': 'aniesbaswedan', 'name': 'Anies Rasyid Baswedan', 'id': '110312278'}, {'screen_name': 'prabowo', 'name': 'Prabowo Subianto', 'id': '40580714'}, {'screen_name': 'Gerindra', 'name': 'Partai Gerindra', 'id': '397673651'}]",,,,
163,1607889783866687488,1607556906956251137,1672185772000.0,2022-12-28 00:02:52,+0000,,@petruspasaribuu @prabowo Emang yang benci anies kalo ngomong isinya cuma 'tai' ' tolol' dan sejenisnya.. wkwkwk.  Anies InsyaaAllah segera jadi presiden kok.,in,[],[],1916146975,1916146975,hersuss_sibejoo,Hersuss,3,00,https://twitter.com/hersuss_sibejoo/status/1607889783866687488,[],[],0,,False,1,2,0,,prabowo presiden,,,,,,,"[{'screen_name': 'petruspasaribuu', 'name': 'Petrus Hot Raja Pasaribu', 'id': '1301846773976104961'}, {'screen_name': 'prabowo', 'name': 'Prabowo Subianto', 'id': '40580714'}]",,,,
164,1607888464103739392,1607556906956251137,1672185457000.0,2022-12-27 23:57:37,+0000,,"@hersuss_sibejoo @prabowo Kau ngomong apa sihh tolol ? Yg dibahas apa yg kau komentari apa ! Yg ditanya apa yg kau jawab apa ! Memang bodoh kau !! Bodoh itu dirubah bukan dipelihara,tololl.  Ada gak jokowi berucap tidak akan lawan prabowo jika prabowo mencalonkan jadi presiden ?",in,[],[],1301846773976104961,1301846773976104961,petruspasaribuu,Petrus Hot Raja Pasaribu,2,23,https://twitter.com/petruspasaribuu/status/1607888464103739392,[],[],0,,False,0,1,0,,prabowo presiden,,,,,,,"[{'screen_name': 'hersuss_sibejoo', 'name': 'Hersuss', 'id': '1916146975'}, {'screen_name': 'prabowo', 'name': 'Prabowo Subianto', 'id': '40580714'}]",,,,
165,1607888432013135872,1607178684414431233,1672185449000.0,2022-12-27 23:57:29,+0000,,@73_N0ng @appellooo @prabowo Dia akan jadi penghambat PS jadi presiden,in,[],[],1528903999004364800,1528903999004364800,carolina_watun,Carolina Watun,2,23,https://twitter.com/carolina_watun/status/1607888432013135872,[],[],0,,False,1,1,0,,prabowo presiden,,,,,,,"[{'screen_name': '73_N0ng', 'name': 'â¦ï¸ N0ngð', 'id': '1590606875854192640'}, {'screen_name': 'appellooo', 'name': 'apello', 'id': '991717810437931013'}, {'screen_name': 'prabowo', 'name': 'Prabowo Subianto', 'id': '40580714'}]",,,,
166,1607885570738622465,1607885570738622465,1672184767000.0,2022-12-27 23:46:07,+0000,,"Prabowo memberi JANJI, Jokowi memberi BUKTI. Buka mata lebar-lebar, berfikir dengan akal sehat. Jangan terpengaruh isu SARA, kita memilih Presiden bukan Pemimpin Agama",in,[],[],2595689466,2595689466,Macanjkw,Maju Jokowi,2,23,https://twitter.com/Macanjkw/status/1607885570738622465,[],[],0,,False,0,0,0,,prabowo presiden,,,,,,,[],,,,
167,1607880214155251714,1607752385950277632,1672183490000.0,2022-12-27 23:24:50,+0000,,"@krakucho @DraftUINJKT Samping kampus gua kayaknya, pernah waktu itu dibercandain sama temen2 soalnya, ""Eh pak Prabowo gagal jadi presiden ternyata buka warung makan"" ð­",in,[],[],1421155016333660165,1421155016333660165,koutareii,Rei 60/90,2,23,https://twitter.com/koutareii/status/1607880214155251714,[],[],0,,False,0,1,0,,prabowo presiden,,,,,,,"[{'screen_name': 'krakucho', 'name': 'empuy', 'id': '1443559915033792513'}, {'screen_name': 'DraftUINJKT', 'name': 'UIN Jakarta Fess | autobase UIN Jakarta', 'id': '1315998691430469634'}]",,,,
